<?xml version="1.0" ?>
<FlowMonitor>
  <FlowStats>
    <Flow flowId="1" timeFirstTxPacket="+2000819199.0ns" timeFirstRxPacket="+2011588311.0ns" timeLastTxPacket="+9999478379.0ns" timeLastRxPacket="+10499950632.0ns" delaySum="+2662672415004.0ns" jitterSum="+6007851337.0ns" lastDelay="+500472253.0ns" txBytes="10272780" rxBytes="5962736" txPackets="9765" rxPackets="5668" lostPackets="4097" timesForwarded="0">
      <delayHistogram nBins="507" >
        <bin index="6" start="0.006" width="0.001" count="1" />
        <bin index="7" start="0.007" width="0.001" count="2" />
        <bin index="8" start="0.008" width="0.001" count="2" />
        <bin index="9" start="0.009" width="0.001" count="1" />
        <bin index="10" start="0.01" width="0.001" count="2" />
        <bin index="11" start="0.011" width="0.001" count="3" />
        <bin index="12" start="0.012" width="0.001" count="3" />
        <bin index="13" start="0.013" width="0.001" count="1" />
        <bin index="14" start="0.014" width="0.001" count="1" />
        <bin index="15" start="0.015" width="0.001" count="2" />
        <bin index="16" start="0.016" width="0.001" count="1" />
        <bin index="17" start="0.017" width="0.001" count="2" />
        <bin index="18" start="0.018" width="0.001" count="1" />
        <bin index="19" start="0.019" width="0.001" count="2" />
        <bin index="20" start="0.02" width="0.001" count="1" />
        <bin index="21" start="0.021" width="0.001" count="2" />
        <bin index="22" start="0.022" width="0.001" count="1" />
        <bin index="23" start="0.023" width="0.001" count="2" />
        <bin index="24" start="0.024" width="0.001" count="1" />
        <bin index="25" start="0.025" width="0.001" count="2" />
        <bin index="26" start="0.026" width="0.001" count="1" />
        <bin index="27" start="0.027" width="0.001" count="2" />
        <bin index="28" start="0.028" width="0.001" count="1" />
        <bin index="29" start="0.029" width="0.001" count="2" />
        <bin index="30" start="0.03" width="0.001" count="1" />
        <bin index="31" start="0.031" width="0.001" count="1" />
        <bin index="32" start="0.032" width="0.001" count="2" />
        <bin index="33" start="0.033" width="0.001" count="2" />
        <bin index="34" start="0.034" width="0.001" count="1" />
        <bin index="35" start="0.035" width="0.001" count="1" />
        <bin index="36" start="0.036" width="0.001" count="2" />
        <bin index="37" start="0.037" width="0.001" count="2" />
        <bin index="38" start="0.038" width="0.001" count="1" />
        <bin index="39" start="0.039" width="0.001" count="1" />
        <bin index="40" start="0.04" width="0.001" count="2" />
        <bin index="41" start="0.041" width="0.001" count="1" />
        <bin index="42" start="0.042" width="0.001" count="2" />
        <bin index="43" start="0.043" width="0.001" count="1" />
        <bin index="44" start="0.044" width="0.001" count="2" />
        <bin index="45" start="0.045" width="0.001" count="1" />
        <bin index="46" start="0.046" width="0.001" count="2" />
        <bin index="47" start="0.047" width="0.001" count="1" />
        <bin index="48" start="0.048" width="0.001" count="2" />
        <bin index="49" start="0.049" width="0.001" count="1" />
        <bin index="50" start="0.05" width="0.001" count="2" />
        <bin index="51" start="0.051" width="0.001" count="1" />
        <bin index="52" start="0.052" width="0.001" count="2" />
        <bin index="53" start="0.053" width="0.001" count="1" />
        <bin index="54" start="0.054" width="0.001" count="2" />
        <bin index="55" start="0.055" width="0.001" count="1" />
        <bin index="56" start="0.056" width="0.001" count="1" />
        <bin index="57" start="0.057" width="0.001" count="2" />
        <bin index="58" start="0.058" width="0.001" count="1" />
        <bin index="59" start="0.059" width="0.001" count="2" />
        <bin index="60" start="0.06" width="0.001" count="1" />
        <bin index="61" start="0.061" width="0.001" count="2" />
        <bin index="62" start="0.062" width="0.001" count="1" />
        <bin index="63" start="0.063" width="0.001" count="2" />
        <bin index="64" start="0.064" width="0.001" count="1" />
        <bin index="65" start="0.065" width="0.001" count="2" />
        <bin index="66" start="0.066" width="0.001" count="1" />
        <bin index="67" start="0.067" width="0.001" count="2" />
        <bin index="68" start="0.068" width="0.001" count="1" />
        <bin index="69" start="0.069" width="0.001" count="2" />
        <bin index="70" start="0.07" width="0.001" count="1" />
        <bin index="71" start="0.071" width="0.001" count="2" />
        <bin index="72" start="0.072" width="0.001" count="1" />
        <bin index="73" start="0.073" width="0.001" count="2" />
        <bin index="74" start="0.074" width="0.001" count="1" />
        <bin index="75" start="0.075" width="0.001" count="2" />
        <bin index="76" start="0.076" width="0.001" count="1" />
        <bin index="77" start="0.077" width="0.001" count="2" />
        <bin index="78" start="0.078" width="0.001" count="1" />
        <bin index="79" start="0.079" width="0.001" count="1" />
        <bin index="80" start="0.08" width="0.001" count="2" />
        <bin index="81" start="0.081" width="0.001" count="1" />
        <bin index="82" start="0.082" width="0.001" count="2" />
        <bin index="83" start="0.083" width="0.001" count="1" />
        <bin index="84" start="0.084" width="0.001" count="2" />
        <bin index="85" start="0.085" width="0.001" count="1" />
        <bin index="86" start="0.086" width="0.001" count="2" />
        <bin index="87" start="0.087" width="0.001" count="1" />
        <bin index="88" start="0.088" width="0.001" count="2" />
        <bin index="89" start="0.089" width="0.001" count="1" />
        <bin index="90" start="0.09" width="0.001" count="2" />
        <bin index="91" start="0.091" width="0.001" count="1" />
        <bin index="92" start="0.092" width="0.001" count="1" />
        <bin index="93" start="0.093" width="0.001" count="2" />
        <bin index="94" start="0.094" width="0.001" count="2" />
        <bin index="95" start="0.095" width="0.001" count="1" />
        <bin index="96" start="0.096" width="0.001" count="1" />
        <bin index="97" start="0.097" width="0.001" count="2" />
        <bin index="98" start="0.098" width="0.001" count="2" />
        <bin index="99" start="0.099" width="0.001" count="1" />
        <bin index="100" start="0.1" width="0.001" count="1" />
        <bin index="101" start="0.101" width="0.001" count="2" />
        <bin index="102" start="0.102" width="0.001" count="1" />
        <bin index="103" start="0.103" width="0.001" count="2" />
        <bin index="104" start="0.104" width="0.001" count="1" />
        <bin index="105" start="0.105" width="0.001" count="2" />
        <bin index="106" start="0.106" width="0.001" count="1" />
        <bin index="107" start="0.107" width="0.001" count="2" />
        <bin index="108" start="0.108" width="0.001" count="1" />
        <bin index="109" start="0.109" width="0.001" count="2" />
        <bin index="110" start="0.11" width="0.001" count="1" />
        <bin index="111" start="0.111" width="0.001" count="2" />
        <bin index="112" start="0.112" width="0.001" count="1" />
        <bin index="113" start="0.113" width="0.001" count="1" />
        <bin index="114" start="0.114" width="0.001" count="2" />
        <bin index="115" start="0.115" width="0.001" count="2" />
        <bin index="116" start="0.116" width="0.001" count="1" />
        <bin index="117" start="0.117" width="0.001" count="1" />
        <bin index="118" start="0.118" width="0.001" count="2" />
        <bin index="119" start="0.119" width="0.001" count="1" />
        <bin index="120" start="0.12" width="0.001" count="2" />
        <bin index="121" start="0.121" width="0.001" count="1" />
        <bin index="122" start="0.122" width="0.001" count="2" />
        <bin index="123" start="0.123" width="0.001" count="1" />
        <bin index="124" start="0.124" width="0.001" count="1" />
        <bin index="125" start="0.125" width="0.001" count="2" />
        <bin index="126" start="0.126" width="0.001" count="1" />
        <bin index="127" start="0.127" width="0.001" count="2" />
        <bin index="128" start="0.128" width="0.001" count="1" />
        <bin index="129" start="0.129" width="0.001" count="2" />
        <bin index="130" start="0.13" width="0.001" count="1" />
        <bin index="131" start="0.131" width="0.001" count="2" />
        <bin index="132" start="0.132" width="0.001" count="1" />
        <bin index="133" start="0.133" width="0.001" count="2" />
        <bin index="134" start="0.134" width="0.001" count="1" />
        <bin index="135" start="0.135" width="0.001" count="2" />
        <bin index="136" start="0.136" width="0.001" count="1" />
        <bin index="137" start="0.137" width="0.001" count="2" />
        <bin index="138" start="0.138" width="0.001" count="1" />
        <bin index="139" start="0.139" width="0.001" count="2" />
        <bin index="140" start="0.14" width="0.001" count="1" />
        <bin index="141" start="0.141" width="0.001" count="1" />
        <bin index="142" start="0.142" width="0.001" count="2" />
        <bin index="143" start="0.143" width="0.001" count="2" />
        <bin index="144" start="0.144" width="0.001" count="1" />
        <bin index="145" start="0.145" width="0.001" count="1" />
        <bin index="146" start="0.146" width="0.001" count="2" />
        <bin index="147" start="0.147" width="0.001" count="2" />
        <bin index="148" start="0.148" width="0.001" count="1" />
        <bin index="149" start="0.149" width="0.001" count="1" />
        <bin index="150" start="0.15" width="0.001" count="2" />
        <bin index="151" start="0.151" width="0.001" count="1" />
        <bin index="152" start="0.152" width="0.001" count="2" />
        <bin index="153" start="0.153" width="0.001" count="1" />
        <bin index="154" start="0.154" width="0.001" count="2" />
        <bin index="155" start="0.155" width="0.001" count="1" />
        <bin index="156" start="0.156" width="0.001" count="2" />
        <bin index="157" start="0.157" width="0.001" count="1" />
        <bin index="158" start="0.158" width="0.001" count="2" />
        <bin index="159" start="0.159" width="0.001" count="1" />
        <bin index="160" start="0.16" width="0.001" count="2" />
        <bin index="161" start="0.161" width="0.001" count="1" />
        <bin index="162" start="0.162" width="0.001" count="2" />
        <bin index="163" start="0.163" width="0.001" count="1" />
        <bin index="164" start="0.164" width="0.001" count="2" />
        <bin index="165" start="0.165" width="0.001" count="1" />
        <bin index="166" start="0.166" width="0.001" count="2" />
        <bin index="167" start="0.167" width="0.001" count="1" />
        <bin index="168" start="0.168" width="0.001" count="2" />
        <bin index="169" start="0.169" width="0.001" count="1" />
        <bin index="170" start="0.17" width="0.001" count="2" />
        <bin index="171" start="0.171" width="0.001" count="1" />
        <bin index="172" start="0.172" width="0.001" count="2" />
        <bin index="173" start="0.173" width="0.001" count="1" />
        <bin index="174" start="0.174" width="0.001" count="1" />
        <bin index="175" start="0.175" width="0.001" count="2" />
        <bin index="176" start="0.176" width="0.001" count="1" />
        <bin index="177" start="0.177" width="0.001" count="2" />
        <bin index="178" start="0.178" width="0.001" count="1" />
        <bin index="179" start="0.179" width="0.001" count="2" />
        <bin index="180" start="0.18" width="0.001" count="1" />
        <bin index="181" start="0.181" width="0.001" count="2" />
        <bin index="182" start="0.182" width="0.001" count="1" />
        <bin index="183" start="0.183" width="0.001" count="2" />
        <bin index="184" start="0.184" width="0.001" count="1" />
        <bin index="185" start="0.185" width="0.001" count="2" />
        <bin index="186" start="0.186" width="0.001" count="1" />
        <bin index="187" start="0.187" width="0.001" count="2" />
        <bin index="188" start="0.188" width="0.001" count="1" />
        <bin index="189" start="0.189" width="0.001" count="1" />
        <bin index="190" start="0.19" width="0.001" count="2" />
        <bin index="191" start="0.191" width="0.001" count="1" />
        <bin index="192" start="0.192" width="0.001" count="2" />
        <bin index="193" start="0.193" width="0.001" count="1" />
        <bin index="194" start="0.194" width="0.001" count="2" />
        <bin index="195" start="0.195" width="0.001" count="1" />
        <bin index="196" start="0.196" width="0.001" count="2" />
        <bin index="197" start="0.197" width="0.001" count="1" />
        <bin index="198" start="0.198" width="0.001" count="2" />
        <bin index="199" start="0.199" width="0.001" count="1" />
        <bin index="200" start="0.2" width="0.001" count="2" />
        <bin index="201" start="0.201" width="0.001" count="1" />
        <bin index="202" start="0.202" width="0.001" count="2" />
        <bin index="203" start="0.203" width="0.001" count="1" />
        <bin index="204" start="0.204" width="0.001" count="2" />
        <bin index="205" start="0.205" width="0.001" count="1" />
        <bin index="206" start="0.206" width="0.001" count="2" />
        <bin index="207" start="0.207" width="0.001" count="1" />
        <bin index="208" start="0.208" width="0.001" count="2" />
        <bin index="209" start="0.209" width="0.001" count="1" />
        <bin index="210" start="0.21" width="0.001" count="1" />
        <bin index="211" start="0.211" width="0.001" count="2" />
        <bin index="212" start="0.212" width="0.001" count="1" />
        <bin index="213" start="0.213" width="0.001" count="2" />
        <bin index="214" start="0.214" width="0.001" count="1" />
        <bin index="215" start="0.215" width="0.001" count="2" />
        <bin index="216" start="0.216" width="0.001" count="1" />
        <bin index="217" start="0.217" width="0.001" count="2" />
        <bin index="218" start="0.218" width="0.001" count="1" />
        <bin index="219" start="0.219" width="0.001" count="2" />
        <bin index="220" start="0.22" width="0.001" count="1" />
        <bin index="221" start="0.221" width="0.001" count="2" />
        <bin index="222" start="0.222" width="0.001" count="1" />
        <bin index="223" start="0.223" width="0.001" count="1" />
        <bin index="224" start="0.224" width="0.001" count="2" />
        <bin index="225" start="0.225" width="0.001" count="2" />
        <bin index="226" start="0.226" width="0.001" count="1" />
        <bin index="227" start="0.227" width="0.001" count="1" />
        <bin index="228" start="0.228" width="0.001" count="2" />
        <bin index="229" start="0.229" width="0.001" count="1" />
        <bin index="230" start="0.23" width="0.001" count="2" />
        <bin index="231" start="0.231" width="0.001" count="1" />
        <bin index="232" start="0.232" width="0.001" count="2" />
        <bin index="233" start="0.233" width="0.001" count="1" />
        <bin index="234" start="0.234" width="0.001" count="1" />
        <bin index="235" start="0.235" width="0.001" count="2" />
        <bin index="236" start="0.236" width="0.001" count="2" />
        <bin index="237" start="0.237" width="0.001" count="1" />
        <bin index="238" start="0.238" width="0.001" count="1" />
        <bin index="239" start="0.239" width="0.001" count="2" />
        <bin index="240" start="0.24" width="0.001" count="1" />
        <bin index="241" start="0.241" width="0.001" count="2" />
        <bin index="242" start="0.242" width="0.001" count="1" />
        <bin index="243" start="0.243" width="0.001" count="2" />
        <bin index="244" start="0.244" width="0.001" count="1" />
        <bin index="245" start="0.245" width="0.001" count="2" />
        <bin index="246" start="0.246" width="0.001" count="1" />
        <bin index="247" start="0.247" width="0.001" count="2" />
        <bin index="248" start="0.248" width="0.001" count="1" />
        <bin index="249" start="0.249" width="0.001" count="2" />
        <bin index="250" start="0.25" width="0.001" count="1" />
        <bin index="251" start="0.251" width="0.001" count="2" />
        <bin index="252" start="0.252" width="0.001" count="1" />
        <bin index="253" start="0.253" width="0.001" count="2" />
        <bin index="254" start="0.254" width="0.001" count="1" />
        <bin index="255" start="0.255" width="0.001" count="2" />
        <bin index="256" start="0.256" width="0.001" count="1" />
        <bin index="257" start="0.257" width="0.001" count="2" />
        <bin index="258" start="0.258" width="0.001" count="1" />
        <bin index="259" start="0.259" width="0.001" count="1" />
        <bin index="260" start="0.26" width="0.001" count="2" />
        <bin index="261" start="0.261" width="0.001" count="1" />
        <bin index="262" start="0.262" width="0.001" count="2" />
        <bin index="263" start="0.263" width="0.001" count="1" />
        <bin index="264" start="0.264" width="0.001" count="2" />
        <bin index="265" start="0.265" width="0.001" count="1" />
        <bin index="266" start="0.266" width="0.001" count="2" />
        <bin index="267" start="0.267" width="0.001" count="1" />
        <bin index="268" start="0.268" width="0.001" count="2" />
        <bin index="269" start="0.269" width="0.001" count="1" />
        <bin index="270" start="0.27" width="0.001" count="2" />
        <bin index="271" start="0.271" width="0.001" count="1" />
        <bin index="272" start="0.272" width="0.001" count="2" />
        <bin index="273" start="0.273" width="0.001" count="1" />
        <bin index="274" start="0.274" width="0.001" count="2" />
        <bin index="275" start="0.275" width="0.001" count="1" />
        <bin index="276" start="0.276" width="0.001" count="1" />
        <bin index="277" start="0.277" width="0.001" count="2" />
        <bin index="278" start="0.278" width="0.001" count="2" />
        <bin index="279" start="0.279" width="0.001" count="1" />
        <bin index="280" start="0.28" width="0.001" count="1" />
        <bin index="281" start="0.281" width="0.001" count="2" />
        <bin index="282" start="0.282" width="0.001" count="1" />
        <bin index="283" start="0.283" width="0.001" count="2" />
        <bin index="284" start="0.284" width="0.001" count="1" />
        <bin index="285" start="0.285" width="0.001" count="2" />
        <bin index="286" start="0.286" width="0.001" count="1" />
        <bin index="287" start="0.287" width="0.001" count="1" />
        <bin index="288" start="0.288" width="0.001" count="2" />
        <bin index="289" start="0.289" width="0.001" count="2" />
        <bin index="290" start="0.29" width="0.001" count="1" />
        <bin index="291" start="0.291" width="0.001" count="1" />
        <bin index="292" start="0.292" width="0.001" count="2" />
        <bin index="293" start="0.293" width="0.001" count="2" />
        <bin index="294" start="0.294" width="0.001" count="1" />
        <bin index="295" start="0.295" width="0.001" count="1" />
        <bin index="296" start="0.296" width="0.001" count="2" />
        <bin index="297" start="0.297" width="0.001" count="1" />
        <bin index="298" start="0.298" width="0.001" count="2" />
        <bin index="299" start="0.299" width="0.001" count="1" />
        <bin index="300" start="0.3" width="0.001" count="2" />
        <bin index="301" start="0.301" width="0.001" count="1" />
        <bin index="302" start="0.302" width="0.001" count="2" />
        <bin index="303" start="0.303" width="0.001" count="1" />
        <bin index="304" start="0.304" width="0.001" count="2" />
        <bin index="305" start="0.305" width="0.001" count="1" />
        <bin index="306" start="0.306" width="0.001" count="2" />
        <bin index="307" start="0.307" width="0.001" count="1" />
        <bin index="308" start="0.308" width="0.001" count="1" />
        <bin index="309" start="0.309" width="0.001" count="2" />
        <bin index="310" start="0.31" width="0.001" count="2" />
        <bin index="311" start="0.311" width="0.001" count="1" />
        <bin index="312" start="0.312" width="0.001" count="1" />
        <bin index="313" start="0.313" width="0.001" count="2" />
        <bin index="314" start="0.314" width="0.001" count="1" />
        <bin index="315" start="0.315" width="0.001" count="2" />
        <bin index="316" start="0.316" width="0.001" count="1" />
        <bin index="317" start="0.317" width="0.001" count="2" />
        <bin index="318" start="0.318" width="0.001" count="1" />
        <bin index="319" start="0.319" width="0.001" count="2" />
        <bin index="320" start="0.32" width="0.001" count="1" />
        <bin index="321" start="0.321" width="0.001" count="2" />
        <bin index="322" start="0.322" width="0.001" count="1" />
        <bin index="323" start="0.323" width="0.001" count="2" />
        <bin index="324" start="0.324" width="0.001" count="1" />
        <bin index="325" start="0.325" width="0.001" count="1" />
        <bin index="326" start="0.326" width="0.001" count="2" />
        <bin index="327" start="0.327" width="0.001" count="2" />
        <bin index="328" start="0.328" width="0.001" count="1" />
        <bin index="329" start="0.329" width="0.001" count="1" />
        <bin index="330" start="0.33" width="0.001" count="2" />
        <bin index="331" start="0.331" width="0.001" count="2" />
        <bin index="332" start="0.332" width="0.001" count="1" />
        <bin index="333" start="0.333" width="0.001" count="1" />
        <bin index="334" start="0.334" width="0.001" count="2" />
        <bin index="335" start="0.335" width="0.001" count="1" />
        <bin index="336" start="0.336" width="0.001" count="2" />
        <bin index="337" start="0.337" width="0.001" count="1" />
        <bin index="338" start="0.338" width="0.001" count="2" />
        <bin index="339" start="0.339" width="0.001" count="1" />
        <bin index="340" start="0.34" width="0.001" count="2" />
        <bin index="341" start="0.341" width="0.001" count="1" />
        <bin index="342" start="0.342" width="0.001" count="2" />
        <bin index="343" start="0.343" width="0.001" count="1" />
        <bin index="344" start="0.344" width="0.001" count="2" />
        <bin index="345" start="0.345" width="0.001" count="1" />
        <bin index="346" start="0.346" width="0.001" count="2" />
        <bin index="347" start="0.347" width="0.001" count="1" />
        <bin index="348" start="0.348" width="0.001" count="2" />
        <bin index="349" start="0.349" width="0.001" count="1" />
        <bin index="350" start="0.35" width="0.001" count="2" />
        <bin index="351" start="0.351" width="0.001" count="1" />
        <bin index="352" start="0.352" width="0.001" count="1" />
        <bin index="353" start="0.353" width="0.001" count="2" />
        <bin index="354" start="0.354" width="0.001" count="2" />
        <bin index="355" start="0.355" width="0.001" count="1" />
        <bin index="356" start="0.356" width="0.001" count="1" />
        <bin index="357" start="0.357" width="0.001" count="2" />
        <bin index="358" start="0.358" width="0.001" count="1" />
        <bin index="359" start="0.359" width="0.001" count="2" />
        <bin index="360" start="0.36" width="0.001" count="1" />
        <bin index="361" start="0.361" width="0.001" count="2" />
        <bin index="362" start="0.362" width="0.001" count="1" />
        <bin index="363" start="0.363" width="0.001" count="2" />
        <bin index="364" start="0.364" width="0.001" count="1" />
        <bin index="365" start="0.365" width="0.001" count="2" />
        <bin index="366" start="0.366" width="0.001" count="1" />
        <bin index="367" start="0.367" width="0.001" count="2" />
        <bin index="368" start="0.368" width="0.001" count="1" />
        <bin index="369" start="0.369" width="0.001" count="1" />
        <bin index="370" start="0.37" width="0.001" count="2" />
        <bin index="371" start="0.371" width="0.001" count="2" />
        <bin index="372" start="0.372" width="0.001" count="1" />
        <bin index="373" start="0.373" width="0.001" count="1" />
        <bin index="374" start="0.374" width="0.001" count="2" />
        <bin index="375" start="0.375" width="0.001" count="1" />
        <bin index="376" start="0.376" width="0.001" count="2" />
        <bin index="377" start="0.377" width="0.001" count="1" />
        <bin index="378" start="0.378" width="0.001" count="2" />
        <bin index="379" start="0.379" width="0.001" count="1" />
        <bin index="380" start="0.38" width="0.001" count="2" />
        <bin index="381" start="0.381" width="0.001" count="1" />
        <bin index="382" start="0.382" width="0.001" count="2" />
        <bin index="383" start="0.383" width="0.001" count="1" />
        <bin index="384" start="0.384" width="0.001" count="2" />
        <bin index="385" start="0.385" width="0.001" count="1" />
        <bin index="386" start="0.386" width="0.001" count="1" />
        <bin index="387" start="0.387" width="0.001" count="2" />
        <bin index="388" start="0.388" width="0.001" count="2" />
        <bin index="389" start="0.389" width="0.001" count="1" />
        <bin index="390" start="0.39" width="0.001" count="1" />
        <bin index="391" start="0.391" width="0.001" count="2" />
        <bin index="392" start="0.392" width="0.001" count="1" />
        <bin index="393" start="0.393" width="0.001" count="2" />
        <bin index="394" start="0.394" width="0.001" count="1" />
        <bin index="395" start="0.395" width="0.001" count="2" />
        <bin index="396" start="0.396" width="0.001" count="1" />
        <bin index="397" start="0.397" width="0.001" count="2" />
        <bin index="398" start="0.398" width="0.001" count="1" />
        <bin index="399" start="0.399" width="0.001" count="2" />
        <bin index="400" start="0.4" width="0.001" count="1" />
        <bin index="401" start="0.401" width="0.001" count="2" />
        <bin index="402" start="0.402" width="0.001" count="1" />
        <bin index="403" start="0.403" width="0.001" count="2" />
        <bin index="404" start="0.404" width="0.001" count="1" />
        <bin index="405" start="0.405" width="0.001" count="1" />
        <bin index="406" start="0.406" width="0.001" count="2" />
        <bin index="407" start="0.407" width="0.001" count="1" />
        <bin index="408" start="0.408" width="0.001" count="2" />
        <bin index="409" start="0.409" width="0.001" count="1" />
        <bin index="410" start="0.41" width="0.001" count="2" />
        <bin index="411" start="0.411" width="0.001" count="1" />
        <bin index="412" start="0.412" width="0.001" count="2" />
        <bin index="413" start="0.413" width="0.001" count="1" />
        <bin index="414" start="0.414" width="0.001" count="2" />
        <bin index="415" start="0.415" width="0.001" count="1" />
        <bin index="416" start="0.416" width="0.001" count="2" />
        <bin index="417" start="0.417" width="0.001" count="1" />
        <bin index="418" start="0.418" width="0.001" count="2" />
        <bin index="419" start="0.419" width="0.001" count="1" />
        <bin index="420" start="0.42" width="0.001" count="2" />
        <bin index="421" start="0.421" width="0.001" count="1" />
        <bin index="422" start="0.422" width="0.001" count="1" />
        <bin index="423" start="0.423" width="0.001" count="2" />
        <bin index="424" start="0.424" width="0.001" count="2" />
        <bin index="425" start="0.425" width="0.001" count="1" />
        <bin index="426" start="0.426" width="0.001" count="1" />
        <bin index="427" start="0.427" width="0.001" count="2" />
        <bin index="428" start="0.428" width="0.001" count="1" />
        <bin index="429" start="0.429" width="0.001" count="2" />
        <bin index="430" start="0.43" width="0.001" count="1" />
        <bin index="431" start="0.431" width="0.001" count="2" />
        <bin index="432" start="0.432" width="0.001" count="1" />
        <bin index="433" start="0.433" width="0.001" count="2" />
        <bin index="434" start="0.434" width="0.001" count="1" />
        <bin index="435" start="0.435" width="0.001" count="2" />
        <bin index="436" start="0.436" width="0.001" count="1" />
        <bin index="437" start="0.437" width="0.001" count="2" />
        <bin index="438" start="0.438" width="0.001" count="1" />
        <bin index="439" start="0.439" width="0.001" count="2" />
        <bin index="440" start="0.44" width="0.001" count="1" />
        <bin index="441" start="0.441" width="0.001" count="2" />
        <bin index="442" start="0.442" width="0.001" count="1" />
        <bin index="443" start="0.443" width="0.001" count="2" />
        <bin index="444" start="0.444" width="0.001" count="1" />
        <bin index="445" start="0.445" width="0.001" count="2" />
        <bin index="446" start="0.446" width="0.001" count="1" />
        <bin index="447" start="0.447" width="0.001" count="1" />
        <bin index="448" start="0.448" width="0.001" count="2" />
        <bin index="449" start="0.449" width="0.001" count="1" />
        <bin index="450" start="0.45" width="0.001" count="2" />
        <bin index="451" start="0.451" width="0.001" count="1" />
        <bin index="452" start="0.452" width="0.001" count="2" />
        <bin index="453" start="0.453" width="0.001" count="1" />
        <bin index="454" start="0.454" width="0.001" count="1" />
        <bin index="455" start="0.455" width="0.001" count="2" />
        <bin index="456" start="0.456" width="0.001" count="2" />
        <bin index="457" start="0.457" width="0.001" count="1" />
        <bin index="458" start="0.458" width="0.001" count="1" />
        <bin index="459" start="0.459" width="0.001" count="2" />
        <bin index="460" start="0.46" width="0.001" count="2" />
        <bin index="461" start="0.461" width="0.001" count="1" />
        <bin index="462" start="0.462" width="0.001" count="1" />
        <bin index="463" start="0.463" width="0.001" count="2" />
        <bin index="464" start="0.464" width="0.001" count="1" />
        <bin index="465" start="0.465" width="0.001" count="2" />
        <bin index="466" start="0.466" width="0.001" count="1" />
        <bin index="467" start="0.467" width="0.001" count="2" />
        <bin index="468" start="0.468" width="0.001" count="1" />
        <bin index="469" start="0.469" width="0.001" count="2" />
        <bin index="470" start="0.47" width="0.001" count="1" />
        <bin index="471" start="0.471" width="0.001" count="2" />
        <bin index="472" start="0.472" width="0.001" count="1" />
        <bin index="473" start="0.473" width="0.001" count="2" />
        <bin index="474" start="0.474" width="0.001" count="1" />
        <bin index="475" start="0.475" width="0.001" count="2" />
        <bin index="476" start="0.476" width="0.001" count="1" />
        <bin index="477" start="0.477" width="0.001" count="2" />
        <bin index="478" start="0.478" width="0.001" count="1" />
        <bin index="479" start="0.479" width="0.001" count="2" />
        <bin index="480" start="0.48" width="0.001" count="1" />
        <bin index="481" start="0.481" width="0.001" count="2" />
        <bin index="482" start="0.482" width="0.001" count="1" />
        <bin index="483" start="0.483" width="0.001" count="1" />
        <bin index="484" start="0.484" width="0.001" count="2" />
        <bin index="485" start="0.485" width="0.001" count="1" />
        <bin index="486" start="0.486" width="0.001" count="2" />
        <bin index="487" start="0.487" width="0.001" count="1" />
        <bin index="488" start="0.488" width="0.001" count="2" />
        <bin index="489" start="0.489" width="0.001" count="1" />
        <bin index="490" start="0.49" width="0.001" count="2" />
        <bin index="491" start="0.491" width="0.001" count="1" />
        <bin index="492" start="0.492" width="0.001" count="2" />
        <bin index="493" start="0.493" width="0.001" count="1" />
        <bin index="494" start="0.494" width="0.001" count="2" />
        <bin index="495" start="0.495" width="0.001" count="1" />
        <bin index="496" start="0.496" width="0.001" count="1" />
        <bin index="497" start="0.497" width="0.001" count="2" />
        <bin index="498" start="0.498" width="0.001" count="105" />
        <bin index="499" start="0.499" width="0.001" count="575" />
        <bin index="500" start="0.5" width="0.001" count="866" />
        <bin index="501" start="0.501" width="0.001" count="800" />
        <bin index="502" start="0.502" width="0.001" count="1272" />
        <bin index="503" start="0.503" width="0.001" count="701" />
        <bin index="504" start="0.504" width="0.001" count="315" />
        <bin index="505" start="0.505" width="0.001" count="201" />
        <bin index="506" start="0.506" width="0.001" count="105" />
      </delayHistogram>
      <jitterHistogram nBins="6" >
        <bin index="0" start="0" width="0.001" count="4845" />
        <bin index="1" start="0.001" width="0.001" count="8" />
        <bin index="2" start="0.002" width="0.001" count="124" />
        <bin index="3" start="0.003" width="0.001" count="681" />
        <bin index="4" start="0.004" width="0.001" count="8" />
        <bin index="5" start="0.005" width="0.001" count="1" />
      </jitterHistogram>
      <packetSizeHistogram nBins="53" >
        <bin index="52" start="1040" width="20" count="5668" />
      </packetSizeHistogram>
      <flowInterruptionsHistogram nBins="0" >
      </flowInterruptionsHistogram>
    </Flow>
  </FlowStats>
  <Ipv4FlowClassifier>
    <Flow flowId="1" sourceAddress="10.1.1.1" destinationAddress="10.1.1.2" protocol="17" sourcePort="49153" destinationPort="9" />
  </Ipv4FlowClassifier>
  <Ipv6FlowClassifier>
  </Ipv6FlowClassifier>
  <FlowProbes>
    <FlowProbe index="0">
      <FlowStats  flowId="1" packets="9765" bytes="10272780" delayFromFirstProbeSum="+0.0ns" >
      </FlowStats>
    </FlowProbe>
    <FlowProbe index="1">
    </FlowProbe>
    <FlowProbe index="2">
      <FlowStats  flowId="1" packets="5668" bytes="5962736" delayFromFirstProbeSum="+2662672415004.0ns" >
      </FlowStats>
    </FlowProbe>
    <FlowProbe index="3">
    </FlowProbe>
  </FlowProbes>
</FlowMonitor>
