<?xml version="1.0" ?>
<FlowMonitor>
  <FlowStats>
    <Flow flowId="1" timeFirstTxPacket="+2000000000.0ns" timeFirstRxPacket="+2011658214.0ns" timeLastTxPacket="+18170949495.0ns" timeLastRxPacket="+18274599526.0ns" delaySum="+7964440642.0ns" jitterSum="+1205673377.0ns" lastDelay="+103650031.0ns" txBytes="159112" rxBytes="152056" txPackets="279" rxPackets="267" lostPackets="12" timesForwarded="0">
      <delayHistogram nBins="233" >
        <bin index="0" start="0" width="0.001" count="1" />
        <bin index="2" start="0.002" width="0.001" count="3" />
        <bin index="3" start="0.003" width="0.001" count="11" />
        <bin index="4" start="0.004" width="0.001" count="7" />
        <bin index="5" start="0.005" width="0.001" count="7" />
        <bin index="6" start="0.006" width="0.001" count="7" />
        <bin index="7" start="0.007" width="0.001" count="13" />
        <bin index="8" start="0.008" width="0.001" count="8" />
        <bin index="9" start="0.009" width="0.001" count="6" />
        <bin index="10" start="0.01" width="0.001" count="2" />
        <bin index="11" start="0.011" width="0.001" count="10" />
        <bin index="12" start="0.012" width="0.001" count="6" />
        <bin index="13" start="0.013" width="0.001" count="1" />
        <bin index="14" start="0.014" width="0.001" count="1" />
        <bin index="15" start="0.015" width="0.001" count="5" />
        <bin index="16" start="0.016" width="0.001" count="4" />
        <bin index="17" start="0.017" width="0.001" count="8" />
        <bin index="18" start="0.018" width="0.001" count="4" />
        <bin index="19" start="0.019" width="0.001" count="3" />
        <bin index="20" start="0.02" width="0.001" count="3" />
        <bin index="21" start="0.021" width="0.001" count="4" />
        <bin index="22" start="0.022" width="0.001" count="4" />
        <bin index="23" start="0.023" width="0.001" count="4" />
        <bin index="24" start="0.024" width="0.001" count="3" />
        <bin index="25" start="0.025" width="0.001" count="4" />
        <bin index="26" start="0.026" width="0.001" count="4" />
        <bin index="27" start="0.027" width="0.001" count="5" />
        <bin index="28" start="0.028" width="0.001" count="7" />
        <bin index="29" start="0.029" width="0.001" count="6" />
        <bin index="30" start="0.03" width="0.001" count="9" />
        <bin index="31" start="0.031" width="0.001" count="5" />
        <bin index="32" start="0.032" width="0.001" count="8" />
        <bin index="33" start="0.033" width="0.001" count="6" />
        <bin index="34" start="0.034" width="0.001" count="5" />
        <bin index="35" start="0.035" width="0.001" count="6" />
        <bin index="36" start="0.036" width="0.001" count="6" />
        <bin index="37" start="0.037" width="0.001" count="5" />
        <bin index="38" start="0.038" width="0.001" count="6" />
        <bin index="39" start="0.039" width="0.001" count="8" />
        <bin index="40" start="0.04" width="0.001" count="4" />
        <bin index="41" start="0.041" width="0.001" count="4" />
        <bin index="42" start="0.042" width="0.001" count="5" />
        <bin index="43" start="0.043" width="0.001" count="3" />
        <bin index="44" start="0.044" width="0.001" count="1" />
        <bin index="45" start="0.045" width="0.001" count="1" />
        <bin index="46" start="0.046" width="0.001" count="2" />
        <bin index="48" start="0.048" width="0.001" count="1" />
        <bin index="70" start="0.07" width="0.001" count="1" />
        <bin index="71" start="0.071" width="0.001" count="1" />
        <bin index="72" start="0.072" width="0.001" count="1" />
        <bin index="73" start="0.073" width="0.001" count="1" />
        <bin index="74" start="0.074" width="0.001" count="1" />
        <bin index="75" start="0.075" width="0.001" count="2" />
        <bin index="76" start="0.076" width="0.001" count="2" />
        <bin index="77" start="0.077" width="0.001" count="2" />
        <bin index="78" start="0.078" width="0.001" count="2" />
        <bin index="79" start="0.079" width="0.001" count="3" />
        <bin index="80" start="0.08" width="0.001" count="2" />
        <bin index="81" start="0.081" width="0.001" count="2" />
        <bin index="82" start="0.082" width="0.001" count="2" />
        <bin index="83" start="0.083" width="0.001" count="1" />
        <bin index="84" start="0.084" width="0.001" count="1" />
        <bin index="86" start="0.086" width="0.001" count="2" />
        <bin index="87" start="0.087" width="0.001" count="1" />
        <bin index="88" start="0.088" width="0.001" count="1" />
        <bin index="103" start="0.103" width="0.001" count="2" />
        <bin index="232" start="0.232" width="0.001" count="1" />
      </delayHistogram>
      <jitterHistogram nBins="232" >
        <bin index="0" start="0" width="0.001" count="223" />
        <bin index="1" start="0.001" width="0.001" count="9" />
        <bin index="2" start="0.002" width="0.001" count="6" />
        <bin index="3" start="0.003" width="0.001" count="4" />
        <bin index="4" start="0.004" width="0.001" count="4" />
        <bin index="5" start="0.005" width="0.001" count="2" />
        <bin index="6" start="0.006" width="0.001" count="1" />
        <bin index="7" start="0.007" width="0.001" count="4" />
        <bin index="8" start="0.008" width="0.001" count="4" />
        <bin index="9" start="0.009" width="0.001" count="1" />
        <bin index="46" start="0.046" width="0.001" count="1" />
        <bin index="61" start="0.061" width="0.001" count="1" />
        <bin index="65" start="0.065" width="0.001" count="1" />
        <bin index="78" start="0.078" width="0.001" count="1" />
        <bin index="83" start="0.083" width="0.001" count="1" />
        <bin index="100" start="0.1" width="0.001" count="1" />
        <bin index="206" start="0.206" width="0.001" count="1" />
        <bin index="231" start="0.231" width="0.001" count="1" />
      </jitterHistogram>
      <packetSizeHistogram nBins="30" >
        <bin index="2" start="40" width="20" count="9" />
        <bin index="27" start="540" width="20" count="1" />
        <bin index="29" start="580" width="20" count="257" />
      </packetSizeHistogram>
      <flowInterruptionsHistogram nBins="33" >
        <bin index="27" start="6.75" width="0.25" count="1" />
        <bin index="32" start="8" width="0.25" count="1" />
      </flowInterruptionsHistogram>
    </Flow>
    <Flow flowId="2" timeFirstTxPacket="+2000000000.0ns" timeFirstRxPacket="+2005641069.0ns" timeLastTxPacket="+10001998519.0ns" timeLastRxPacket="+10233756865.0ns" delaySum="+1881989641461.0ns" jitterSum="+9834857115.0ns" lastDelay="+231758346.0ns" txBytes="4850024" rxBytes="4850024" txPackets="8573" rxPackets="8573" lostPackets="0" timesForwarded="0">
      <delayHistogram nBins="309" >
        <bin index="2" start="0.002" width="0.001" count="2" />
        <bin index="3" start="0.003" width="0.001" count="2" />
        <bin index="4" start="0.004" width="0.001" count="4" />
        <bin index="5" start="0.005" width="0.001" count="4" />
        <bin index="6" start="0.006" width="0.001" count="2" />
        <bin index="7" start="0.007" width="0.001" count="1" />
        <bin index="8" start="0.008" width="0.001" count="4" />
        <bin index="9" start="0.009" width="0.001" count="4" />
        <bin index="10" start="0.01" width="0.001" count="1" />
        <bin index="11" start="0.011" width="0.001" count="2" />
        <bin index="12" start="0.012" width="0.001" count="4" />
        <bin index="13" start="0.013" width="0.001" count="5" />
        <bin index="14" start="0.014" width="0.001" count="4" />
        <bin index="15" start="0.015" width="0.001" count="5" />
        <bin index="16" start="0.016" width="0.001" count="7" />
        <bin index="17" start="0.017" width="0.001" count="4" />
        <bin index="18" start="0.018" width="0.001" count="5" />
        <bin index="19" start="0.019" width="0.001" count="6" />
        <bin index="20" start="0.02" width="0.001" count="4" />
        <bin index="21" start="0.021" width="0.001" count="4" />
        <bin index="22" start="0.022" width="0.001" count="6" />
        <bin index="23" start="0.023" width="0.001" count="5" />
        <bin index="24" start="0.024" width="0.001" count="5" />
        <bin index="25" start="0.025" width="0.001" count="5" />
        <bin index="26" start="0.026" width="0.001" count="5" />
        <bin index="27" start="0.027" width="0.001" count="5" />
        <bin index="28" start="0.028" width="0.001" count="4" />
        <bin index="29" start="0.029" width="0.001" count="4" />
        <bin index="30" start="0.03" width="0.001" count="3" />
        <bin index="31" start="0.031" width="0.001" count="1" />
        <bin index="32" start="0.032" width="0.001" count="3" />
        <bin index="33" start="0.033" width="0.001" count="5" />
        <bin index="34" start="0.034" width="0.001" count="4" />
        <bin index="35" start="0.035" width="0.001" count="3" />
        <bin index="36" start="0.036" width="0.001" count="3" />
        <bin index="37" start="0.037" width="0.001" count="5" />
        <bin index="38" start="0.038" width="0.001" count="4" />
        <bin index="39" start="0.039" width="0.001" count="4" />
        <bin index="40" start="0.04" width="0.001" count="1" />
        <bin index="41" start="0.041" width="0.001" count="1" />
        <bin index="42" start="0.042" width="0.001" count="3" />
        <bin index="43" start="0.043" width="0.001" count="2" />
        <bin index="44" start="0.044" width="0.001" count="2" />
        <bin index="45" start="0.045" width="0.001" count="3" />
        <bin index="46" start="0.046" width="0.001" count="2" />
        <bin index="47" start="0.047" width="0.001" count="2" />
        <bin index="48" start="0.048" width="0.001" count="1" />
        <bin index="49" start="0.049" width="0.001" count="2" />
        <bin index="50" start="0.05" width="0.001" count="11" />
        <bin index="52" start="0.052" width="0.001" count="1" />
        <bin index="53" start="0.053" width="0.001" count="2" />
        <bin index="54" start="0.054" width="0.001" count="4" />
        <bin index="55" start="0.055" width="0.001" count="4" />
        <bin index="56" start="0.056" width="0.001" count="3" />
        <bin index="57" start="0.057" width="0.001" count="3" />
        <bin index="58" start="0.058" width="0.001" count="5" />
        <bin index="59" start="0.059" width="0.001" count="4" />
        <bin index="60" start="0.06" width="0.001" count="3" />
        <bin index="61" start="0.061" width="0.001" count="3" />
        <bin index="62" start="0.062" width="0.001" count="3" />
        <bin index="63" start="0.063" width="0.001" count="4" />
        <bin index="64" start="0.064" width="0.001" count="5" />
        <bin index="65" start="0.065" width="0.001" count="3" />
        <bin index="66" start="0.066" width="0.001" count="3" />
        <bin index="67" start="0.067" width="0.001" count="4" />
        <bin index="68" start="0.068" width="0.001" count="5" />
        <bin index="69" start="0.069" width="0.001" count="4" />
        <bin index="70" start="0.07" width="0.001" count="2" />
        <bin index="71" start="0.071" width="0.001" count="2" />
        <bin index="73" start="0.073" width="0.001" count="1" />
        <bin index="80" start="0.08" width="0.001" count="1" />
        <bin index="81" start="0.081" width="0.001" count="1" />
        <bin index="82" start="0.082" width="0.001" count="1" />
        <bin index="83" start="0.083" width="0.001" count="2" />
        <bin index="84" start="0.084" width="0.001" count="4" />
        <bin index="85" start="0.085" width="0.001" count="4" />
        <bin index="86" start="0.086" width="0.001" count="4" />
        <bin index="87" start="0.087" width="0.001" count="3" />
        <bin index="88" start="0.088" width="0.001" count="4" />
        <bin index="89" start="0.089" width="0.001" count="4" />
        <bin index="90" start="0.09" width="0.001" count="8" />
        <bin index="91" start="0.091" width="0.001" count="10" />
        <bin index="93" start="0.093" width="0.001" count="2" />
        <bin index="94" start="0.094" width="0.001" count="3" />
        <bin index="95" start="0.095" width="0.001" count="2" />
        <bin index="96" start="0.096" width="0.001" count="3" />
        <bin index="97" start="0.097" width="0.001" count="2" />
        <bin index="98" start="0.098" width="0.001" count="3" />
        <bin index="99" start="0.099" width="0.001" count="2" />
        <bin index="100" start="0.1" width="0.001" count="2" />
        <bin index="101" start="0.101" width="0.001" count="3" />
        <bin index="102" start="0.102" width="0.001" count="4" />
        <bin index="103" start="0.103" width="0.001" count="1" />
        <bin index="104" start="0.104" width="0.001" count="3" />
        <bin index="105" start="0.105" width="0.001" count="4" />
        <bin index="106" start="0.106" width="0.001" count="3" />
        <bin index="107" start="0.107" width="0.001" count="4" />
        <bin index="108" start="0.108" width="0.001" count="4" />
        <bin index="109" start="0.109" width="0.001" count="4" />
        <bin index="110" start="0.11" width="0.001" count="2" />
        <bin index="111" start="0.111" width="0.001" count="2" />
        <bin index="112" start="0.112" width="0.001" count="12" />
        <bin index="114" start="0.114" width="0.001" count="3" />
        <bin index="115" start="0.115" width="0.001" count="3" />
        <bin index="116" start="0.116" width="0.001" count="2" />
        <bin index="117" start="0.117" width="0.001" count="2" />
        <bin index="118" start="0.118" width="0.001" count="3" />
        <bin index="119" start="0.119" width="0.001" count="3" />
        <bin index="120" start="0.12" width="0.001" count="1" />
        <bin index="121" start="0.121" width="0.001" count="2" />
        <bin index="122" start="0.122" width="0.001" count="3" />
        <bin index="123" start="0.123" width="0.001" count="3" />
        <bin index="124" start="0.124" width="0.001" count="2" />
        <bin index="125" start="0.125" width="0.001" count="4" />
        <bin index="126" start="0.126" width="0.001" count="5" />
        <bin index="127" start="0.127" width="0.001" count="6" />
        <bin index="128" start="0.128" width="0.001" count="5" />
        <bin index="129" start="0.129" width="0.001" count="4" />
        <bin index="130" start="0.13" width="0.001" count="5" />
        <bin index="131" start="0.131" width="0.001" count="8" />
        <bin index="132" start="0.132" width="0.001" count="2" />
        <bin index="133" start="0.133" width="0.001" count="1" />
        <bin index="134" start="0.134" width="0.001" count="2" />
        <bin index="135" start="0.135" width="0.001" count="2" />
        <bin index="136" start="0.136" width="0.001" count="3" />
        <bin index="137" start="0.137" width="0.001" count="3" />
        <bin index="138" start="0.138" width="0.001" count="2" />
        <bin index="139" start="0.139" width="0.001" count="2" />
        <bin index="140" start="0.14" width="0.001" count="3" />
        <bin index="141" start="0.141" width="0.001" count="2" />
        <bin index="142" start="0.142" width="0.001" count="2" />
        <bin index="143" start="0.143" width="0.001" count="2" />
        <bin index="145" start="0.145" width="0.001" count="2" />
        <bin index="146" start="0.146" width="0.001" count="4" />
        <bin index="147" start="0.147" width="0.001" count="5" />
        <bin index="148" start="0.148" width="0.001" count="5" />
        <bin index="149" start="0.149" width="0.001" count="5" />
        <bin index="150" start="0.15" width="0.001" count="5" />
        <bin index="151" start="0.151" width="0.001" count="6" />
        <bin index="152" start="0.152" width="0.001" count="6" />
        <bin index="153" start="0.153" width="0.001" count="6" />
        <bin index="154" start="0.154" width="0.001" count="4" />
        <bin index="155" start="0.155" width="0.001" count="3" />
        <bin index="156" start="0.156" width="0.001" count="7" />
        <bin index="157" start="0.157" width="0.001" count="6" />
        <bin index="158" start="0.158" width="0.001" count="6" />
        <bin index="159" start="0.159" width="0.001" count="6" />
        <bin index="160" start="0.16" width="0.001" count="6" />
        <bin index="161" start="0.161" width="0.001" count="5" />
        <bin index="162" start="0.162" width="0.001" count="4" />
        <bin index="163" start="0.163" width="0.001" count="4" />
        <bin index="164" start="0.164" width="0.001" count="2" />
        <bin index="165" start="0.165" width="0.001" count="3" />
        <bin index="166" start="0.166" width="0.001" count="2" />
        <bin index="167" start="0.167" width="0.001" count="3" />
        <bin index="168" start="0.168" width="0.001" count="3" />
        <bin index="169" start="0.169" width="0.001" count="2" />
        <bin index="170" start="0.17" width="0.001" count="2" />
        <bin index="171" start="0.171" width="0.001" count="2" />
        <bin index="172" start="0.172" width="0.001" count="2" />
        <bin index="173" start="0.173" width="0.001" count="1" />
        <bin index="174" start="0.174" width="0.001" count="1" />
        <bin index="177" start="0.177" width="0.001" count="1" />
        <bin index="178" start="0.178" width="0.001" count="1" />
        <bin index="179" start="0.179" width="0.001" count="2" />
        <bin index="180" start="0.18" width="0.001" count="1" />
        <bin index="181" start="0.181" width="0.001" count="1" />
        <bin index="182" start="0.182" width="0.001" count="2" />
        <bin index="183" start="0.183" width="0.001" count="1" />
        <bin index="184" start="0.184" width="0.001" count="12" />
        <bin index="186" start="0.186" width="0.001" count="1" />
        <bin index="187" start="0.187" width="0.001" count="3" />
        <bin index="188" start="0.188" width="0.001" count="5" />
        <bin index="189" start="0.189" width="0.001" count="7" />
        <bin index="190" start="0.19" width="0.001" count="13" />
        <bin index="191" start="0.191" width="0.001" count="13" />
        <bin index="192" start="0.192" width="0.001" count="10" />
        <bin index="193" start="0.193" width="0.001" count="16" />
        <bin index="194" start="0.194" width="0.001" count="6" />
        <bin index="195" start="0.195" width="0.001" count="13" />
        <bin index="196" start="0.196" width="0.001" count="15" />
        <bin index="197" start="0.197" width="0.001" count="12" />
        <bin index="198" start="0.198" width="0.001" count="13" />
        <bin index="199" start="0.199" width="0.001" count="16" />
        <bin index="200" start="0.2" width="0.001" count="21" />
        <bin index="201" start="0.201" width="0.001" count="50" />
        <bin index="202" start="0.202" width="0.001" count="42" />
        <bin index="203" start="0.203" width="0.001" count="29" />
        <bin index="204" start="0.204" width="0.001" count="21" />
        <bin index="205" start="0.205" width="0.001" count="34" />
        <bin index="206" start="0.206" width="0.001" count="33" />
        <bin index="207" start="0.207" width="0.001" count="50" />
        <bin index="208" start="0.208" width="0.001" count="42" />
        <bin index="209" start="0.209" width="0.001" count="45" />
        <bin index="210" start="0.21" width="0.001" count="87" />
        <bin index="211" start="0.211" width="0.001" count="130" />
        <bin index="212" start="0.212" width="0.001" count="137" />
        <bin index="213" start="0.213" width="0.001" count="132" />
        <bin index="214" start="0.214" width="0.001" count="84" />
        <bin index="215" start="0.215" width="0.001" count="99" />
        <bin index="216" start="0.216" width="0.001" count="119" />
        <bin index="217" start="0.217" width="0.001" count="137" />
        <bin index="218" start="0.218" width="0.001" count="167" />
        <bin index="219" start="0.219" width="0.001" count="197" />
        <bin index="220" start="0.22" width="0.001" count="358" />
        <bin index="221" start="0.221" width="0.001" count="514" />
        <bin index="222" start="0.222" width="0.001" count="474" />
        <bin index="223" start="0.223" width="0.001" count="391" />
        <bin index="224" start="0.224" width="0.001" count="196" />
        <bin index="225" start="0.225" width="0.001" count="316" />
        <bin index="226" start="0.226" width="0.001" count="193" />
        <bin index="227" start="0.227" width="0.001" count="112" />
        <bin index="228" start="0.228" width="0.001" count="113" />
        <bin index="229" start="0.229" width="0.001" count="139" />
        <bin index="230" start="0.23" width="0.001" count="240" />
        <bin index="231" start="0.231" width="0.001" count="364" />
        <bin index="232" start="0.232" width="0.001" count="347" />
        <bin index="233" start="0.233" width="0.001" count="290" />
        <bin index="234" start="0.234" width="0.001" count="170" />
        <bin index="235" start="0.235" width="0.001" count="204" />
        <bin index="236" start="0.236" width="0.001" count="159" />
        <bin index="237" start="0.237" width="0.001" count="46" />
        <bin index="238" start="0.238" width="0.001" count="46" />
        <bin index="239" start="0.239" width="0.001" count="48" />
        <bin index="240" start="0.24" width="0.001" count="81" />
        <bin index="241" start="0.241" width="0.001" count="117" />
        <bin index="242" start="0.242" width="0.001" count="124" />
        <bin index="243" start="0.243" width="0.001" count="95" />
        <bin index="244" start="0.244" width="0.001" count="57" />
        <bin index="245" start="0.245" width="0.001" count="80" />
        <bin index="246" start="0.246" width="0.001" count="59" />
        <bin index="247" start="0.247" width="0.001" count="28" />
        <bin index="248" start="0.248" width="0.001" count="38" />
        <bin index="249" start="0.249" width="0.001" count="42" />
        <bin index="250" start="0.25" width="0.001" count="56" />
        <bin index="251" start="0.251" width="0.001" count="72" />
        <bin index="252" start="0.252" width="0.001" count="64" />
        <bin index="253" start="0.253" width="0.001" count="64" />
        <bin index="254" start="0.254" width="0.001" count="44" />
        <bin index="255" start="0.255" width="0.001" count="45" />
        <bin index="256" start="0.256" width="0.001" count="26" />
        <bin index="257" start="0.257" width="0.001" count="5" />
        <bin index="258" start="0.258" width="0.001" count="15" />
        <bin index="259" start="0.259" width="0.001" count="13" />
        <bin index="260" start="0.26" width="0.001" count="14" />
        <bin index="261" start="0.261" width="0.001" count="18" />
        <bin index="262" start="0.262" width="0.001" count="19" />
        <bin index="263" start="0.263" width="0.001" count="20" />
        <bin index="264" start="0.264" width="0.001" count="21" />
        <bin index="265" start="0.265" width="0.001" count="20" />
        <bin index="266" start="0.266" width="0.001" count="18" />
        <bin index="267" start="0.267" width="0.001" count="5" />
        <bin index="268" start="0.268" width="0.001" count="5" />
        <bin index="269" start="0.269" width="0.001" count="3" />
        <bin index="270" start="0.27" width="0.001" count="5" />
        <bin index="271" start="0.271" width="0.001" count="11" />
        <bin index="272" start="0.272" width="0.001" count="20" />
        <bin index="273" start="0.273" width="0.001" count="10" />
        <bin index="274" start="0.274" width="0.001" count="7" />
        <bin index="275" start="0.275" width="0.001" count="8" />
        <bin index="276" start="0.276" width="0.001" count="8" />
        <bin index="277" start="0.277" width="0.001" count="10" />
        <bin index="278" start="0.278" width="0.001" count="14" />
        <bin index="279" start="0.279" width="0.001" count="10" />
        <bin index="280" start="0.28" width="0.001" count="10" />
        <bin index="281" start="0.281" width="0.001" count="8" />
        <bin index="282" start="0.282" width="0.001" count="7" />
        <bin index="283" start="0.283" width="0.001" count="4" />
        <bin index="284" start="0.284" width="0.001" count="13" />
        <bin index="285" start="0.285" width="0.001" count="6" />
        <bin index="286" start="0.286" width="0.001" count="4" />
        <bin index="290" start="0.29" width="0.001" count="1" />
        <bin index="291" start="0.291" width="0.001" count="3" />
        <bin index="292" start="0.292" width="0.001" count="4" />
        <bin index="293" start="0.293" width="0.001" count="4" />
        <bin index="294" start="0.294" width="0.001" count="6" />
        <bin index="295" start="0.295" width="0.001" count="3" />
        <bin index="296" start="0.296" width="0.001" count="4" />
        <bin index="297" start="0.297" width="0.001" count="2" />
        <bin index="303" start="0.303" width="0.001" count="1" />
        <bin index="304" start="0.304" width="0.001" count="4" />
        <bin index="305" start="0.305" width="0.001" count="7" />
        <bin index="306" start="0.306" width="0.001" count="3" />
        <bin index="307" start="0.307" width="0.001" count="2" />
        <bin index="308" start="0.308" width="0.001" count="1" />
      </delayHistogram>
      <jitterHistogram nBins="64" >
        <bin index="0" start="0" width="0.001" count="7502" />
        <bin index="1" start="0.001" width="0.001" count="445" />
        <bin index="2" start="0.002" width="0.001" count="112" />
        <bin index="3" start="0.003" width="0.001" count="37" />
        <bin index="4" start="0.004" width="0.001" count="18" />
        <bin index="5" start="0.005" width="0.001" count="187" />
        <bin index="6" start="0.006" width="0.001" count="73" />
        <bin index="7" start="0.007" width="0.001" count="3" />
        <bin index="8" start="0.008" width="0.001" count="23" />
        <bin index="9" start="0.009" width="0.001" count="1" />
        <bin index="11" start="0.011" width="0.001" count="10" />
        <bin index="12" start="0.012" width="0.001" count="5" />
        <bin index="13" start="0.013" width="0.001" count="3" />
        <bin index="15" start="0.015" width="0.001" count="34" />
        <bin index="16" start="0.016" width="0.001" count="25" />
        <bin index="17" start="0.017" width="0.001" count="4" />
        <bin index="18" start="0.018" width="0.001" count="7" />
        <bin index="19" start="0.019" width="0.001" count="2" />
        <bin index="20" start="0.02" width="0.001" count="2" />
        <bin index="21" start="0.021" width="0.001" count="12" />
        <bin index="22" start="0.022" width="0.001" count="24" />
        <bin index="23" start="0.023" width="0.001" count="6" />
        <bin index="25" start="0.025" width="0.001" count="10" />
        <bin index="26" start="0.026" width="0.001" count="8" />
        <bin index="27" start="0.027" width="0.001" count="4" />
        <bin index="32" start="0.032" width="0.001" count="2" />
        <bin index="33" start="0.033" width="0.001" count="1" />
        <bin index="35" start="0.035" width="0.001" count="1" />
        <bin index="36" start="0.036" width="0.001" count="7" />
        <bin index="42" start="0.042" width="0.001" count="1" />
        <bin index="45" start="0.045" width="0.001" count="2" />
        <bin index="63" start="0.063" width="0.001" count="1" />
      </jitterHistogram>
      <packetSizeHistogram nBins="30" >
        <bin index="2" start="40" width="20" count="4" />
        <bin index="25" start="500" width="20" count="1" />
        <bin index="27" start="540" width="20" count="3931" />
        <bin index="29" start="580" width="20" count="4637" />
      </packetSizeHistogram>
      <flowInterruptionsHistogram nBins="0" >
      </flowInterruptionsHistogram>
    </Flow>
    <Flow flowId="3" timeFirstTxPacket="+2000000000.0ns" timeFirstRxPacket="+2016226308.0ns" timeLastTxPacket="+18494394607.0ns" timeLastRxPacket="+18495646619.0ns" delaySum="+9653764142.0ns" jitterSum="+1007730474.0ns" lastDelay="+1252012.0ns" txBytes="154016" rxBytes="148724" txPackets="271" rxPackets="262" lostPackets="9" timesForwarded="0">
      <delayHistogram nBins="168" >
        <bin index="0" start="0" width="0.001" count="1" />
        <bin index="1" start="0.001" width="0.001" count="6" />
        <bin index="2" start="0.002" width="0.001" count="1" />
        <bin index="3" start="0.003" width="0.001" count="3" />
        <bin index="4" start="0.004" width="0.001" count="7" />
        <bin index="5" start="0.005" width="0.001" count="4" />
        <bin index="6" start="0.006" width="0.001" count="4" />
        <bin index="7" start="0.007" width="0.001" count="5" />
        <bin index="8" start="0.008" width="0.001" count="8" />
        <bin index="9" start="0.009" width="0.001" count="7" />
        <bin index="10" start="0.01" width="0.001" count="1" />
        <bin index="11" start="0.011" width="0.001" count="6" />
        <bin index="12" start="0.012" width="0.001" count="12" />
        <bin index="13" start="0.013" width="0.001" count="2" />
        <bin index="14" start="0.014" width="0.001" count="3" />
        <bin index="15" start="0.015" width="0.001" count="3" />
        <bin index="16" start="0.016" width="0.001" count="4" />
        <bin index="17" start="0.017" width="0.001" count="2" />
        <bin index="18" start="0.018" width="0.001" count="6" />
        <bin index="19" start="0.019" width="0.001" count="4" />
        <bin index="20" start="0.02" width="0.001" count="4" />
        <bin index="21" start="0.021" width="0.001" count="2" />
        <bin index="22" start="0.022" width="0.001" count="4" />
        <bin index="23" start="0.023" width="0.001" count="10" />
        <bin index="24" start="0.024" width="0.001" count="8" />
        <bin index="25" start="0.025" width="0.001" count="6" />
        <bin index="26" start="0.026" width="0.001" count="7" />
        <bin index="27" start="0.027" width="0.001" count="4" />
        <bin index="28" start="0.028" width="0.001" count="4" />
        <bin index="29" start="0.029" width="0.001" count="4" />
        <bin index="30" start="0.03" width="0.001" count="6" />
        <bin index="31" start="0.031" width="0.001" count="6" />
        <bin index="32" start="0.032" width="0.001" count="4" />
        <bin index="33" start="0.033" width="0.001" count="5" />
        <bin index="34" start="0.034" width="0.001" count="4" />
        <bin index="35" start="0.035" width="0.001" count="7" />
        <bin index="36" start="0.036" width="0.001" count="6" />
        <bin index="37" start="0.037" width="0.001" count="6" />
        <bin index="38" start="0.038" width="0.001" count="6" />
        <bin index="39" start="0.039" width="0.001" count="6" />
        <bin index="40" start="0.04" width="0.001" count="5" />
        <bin index="41" start="0.041" width="0.001" count="5" />
        <bin index="42" start="0.042" width="0.001" count="3" />
        <bin index="43" start="0.043" width="0.001" count="3" />
        <bin index="44" start="0.044" width="0.001" count="2" />
        <bin index="45" start="0.045" width="0.001" count="1" />
        <bin index="77" start="0.077" width="0.001" count="1" />
        <bin index="78" start="0.078" width="0.001" count="1" />
        <bin index="79" start="0.079" width="0.001" count="2" />
        <bin index="80" start="0.08" width="0.001" count="1" />
        <bin index="81" start="0.081" width="0.001" count="3" />
        <bin index="82" start="0.082" width="0.001" count="2" />
        <bin index="83" start="0.083" width="0.001" count="3" />
        <bin index="84" start="0.084" width="0.001" count="2" />
        <bin index="85" start="0.085" width="0.001" count="3" />
        <bin index="86" start="0.086" width="0.001" count="1" />
        <bin index="87" start="0.087" width="0.001" count="3" />
        <bin index="88" start="0.088" width="0.001" count="1" />
        <bin index="107" start="0.107" width="0.001" count="1" />
        <bin index="108" start="0.108" width="0.001" count="1" />
        <bin index="109" start="0.109" width="0.001" count="1" />
        <bin index="110" start="0.11" width="0.001" count="2" />
        <bin index="111" start="0.111" width="0.001" count="1" />
        <bin index="112" start="0.112" width="0.001" count="1" />
        <bin index="113" start="0.113" width="0.001" count="1" />
        <bin index="114" start="0.114" width="0.001" count="2" />
        <bin index="115" start="0.115" width="0.001" count="1" />
        <bin index="129" start="0.129" width="0.001" count="1" />
        <bin index="130" start="0.13" width="0.001" count="1" />
        <bin index="131" start="0.131" width="0.001" count="1" />
        <bin index="132" start="0.132" width="0.001" count="1" />
        <bin index="133" start="0.133" width="0.001" count="2" />
        <bin index="134" start="0.134" width="0.001" count="1" />
        <bin index="135" start="0.135" width="0.001" count="1" />
        <bin index="136" start="0.136" width="0.001" count="2" />
        <bin index="167" start="0.167" width="0.001" count="1" />
      </delayHistogram>
      <jitterHistogram nBins="167" >
        <bin index="0" start="0" width="0.001" count="219" />
        <bin index="1" start="0.001" width="0.001" count="7" />
        <bin index="2" start="0.002" width="0.001" count="6" />
        <bin index="3" start="0.003" width="0.001" count="2" />
        <bin index="4" start="0.004" width="0.001" count="3" />
        <bin index="5" start="0.005" width="0.001" count="2" />
        <bin index="7" start="0.007" width="0.001" count="2" />
        <bin index="8" start="0.008" width="0.001" count="5" />
        <bin index="11" start="0.011" width="0.001" count="3" />
        <bin index="13" start="0.013" width="0.001" count="1" />
        <bin index="14" start="0.014" width="0.001" count="1" />
        <bin index="15" start="0.015" width="0.001" count="1" />
        <bin index="19" start="0.019" width="0.001" count="2" />
        <bin index="21" start="0.021" width="0.001" count="1" />
        <bin index="35" start="0.035" width="0.001" count="1" />
        <bin index="47" start="0.047" width="0.001" count="1" />
        <bin index="84" start="0.084" width="0.001" count="1" />
        <bin index="113" start="0.113" width="0.001" count="1" />
        <bin index="141" start="0.141" width="0.001" count="1" />
        <bin index="166" start="0.166" width="0.001" count="1" />
      </jitterHistogram>
      <packetSizeHistogram nBins="30" >
        <bin index="2" start="40" width="20" count="9" />
        <bin index="7" start="140" width="20" count="1" />
        <bin index="29" start="580" width="20" count="252" />
      </packetSizeHistogram>
      <flowInterruptionsHistogram nBins="33" >
        <bin index="27" start="6.75" width="0.25" count="1" />
        <bin index="32" start="8" width="0.25" count="1" />
      </flowInterruptionsHistogram>
    </Flow>
    <Flow flowId="4" timeFirstTxPacket="+2000000000.0ns" timeFirstRxPacket="+2014044268.0ns" timeLastTxPacket="+18473434611.0ns" timeLastRxPacket="+18494739612.0ns" delaySum="+9271677986.0ns" jitterSum="+1125004741.0ns" lastDelay="+21305001.0ns" txBytes="154016" rxBytes="148724" txPackets="271" rxPackets="262" lostPackets="9" timesForwarded="0">
      <delayHistogram nBins="233" >
        <bin index="0" start="0" width="0.001" count="1" />
        <bin index="1" start="0.001" width="0.001" count="5" />
        <bin index="2" start="0.002" width="0.001" count="3" />
        <bin index="3" start="0.003" width="0.001" count="9" />
        <bin index="4" start="0.004" width="0.001" count="5" />
        <bin index="5" start="0.005" width="0.001" count="5" />
        <bin index="6" start="0.006" width="0.001" count="6" />
        <bin index="7" start="0.007" width="0.001" count="9" />
        <bin index="8" start="0.008" width="0.001" count="5" />
        <bin index="9" start="0.009" width="0.001" count="6" />
        <bin index="10" start="0.01" width="0.001" count="1" />
        <bin index="11" start="0.011" width="0.001" count="17" />
        <bin index="12" start="0.012" width="0.001" count="4" />
        <bin index="13" start="0.013" width="0.001" count="3" />
        <bin index="14" start="0.014" width="0.001" count="5" />
        <bin index="15" start="0.015" width="0.001" count="3" />
        <bin index="16" start="0.016" width="0.001" count="4" />
        <bin index="17" start="0.017" width="0.001" count="4" />
        <bin index="18" start="0.018" width="0.001" count="3" />
        <bin index="19" start="0.019" width="0.001" count="4" />
        <bin index="20" start="0.02" width="0.001" count="3" />
        <bin index="21" start="0.021" width="0.001" count="3" />
        <bin index="22" start="0.022" width="0.001" count="4" />
        <bin index="23" start="0.023" width="0.001" count="4" />
        <bin index="24" start="0.024" width="0.001" count="5" />
        <bin index="25" start="0.025" width="0.001" count="3" />
        <bin index="26" start="0.026" width="0.001" count="5" />
        <bin index="27" start="0.027" width="0.001" count="3" />
        <bin index="28" start="0.028" width="0.001" count="4" />
        <bin index="29" start="0.029" width="0.001" count="7" />
        <bin index="30" start="0.03" width="0.001" count="6" />
        <bin index="31" start="0.031" width="0.001" count="6" />
        <bin index="32" start="0.032" width="0.001" count="5" />
        <bin index="33" start="0.033" width="0.001" count="5" />
        <bin index="34" start="0.034" width="0.001" count="4" />
        <bin index="35" start="0.035" width="0.001" count="4" />
        <bin index="36" start="0.036" width="0.001" count="5" />
        <bin index="37" start="0.037" width="0.001" count="6" />
        <bin index="38" start="0.038" width="0.001" count="6" />
        <bin index="39" start="0.039" width="0.001" count="5" />
        <bin index="40" start="0.04" width="0.001" count="7" />
        <bin index="41" start="0.041" width="0.001" count="4" />
        <bin index="42" start="0.042" width="0.001" count="5" />
        <bin index="43" start="0.043" width="0.001" count="2" />
        <bin index="44" start="0.044" width="0.001" count="1" />
        <bin index="45" start="0.045" width="0.001" count="1" />
        <bin index="46" start="0.046" width="0.001" count="2" />
        <bin index="58" start="0.058" width="0.001" count="1" />
        <bin index="59" start="0.059" width="0.001" count="1" />
        <bin index="60" start="0.06" width="0.001" count="1" />
        <bin index="61" start="0.061" width="0.001" count="2" />
        <bin index="62" start="0.062" width="0.001" count="1" />
        <bin index="63" start="0.063" width="0.001" count="1" />
        <bin index="64" start="0.064" width="0.001" count="1" />
        <bin index="65" start="0.065" width="0.001" count="2" />
        <bin index="66" start="0.066" width="0.001" count="1" />
        <bin index="68" start="0.068" width="0.001" count="2" />
        <bin index="81" start="0.081" width="0.001" count="1" />
        <bin index="82" start="0.082" width="0.001" count="1" />
        <bin index="83" start="0.083" width="0.001" count="1" />
        <bin index="84" start="0.084" width="0.001" count="1" />
        <bin index="85" start="0.085" width="0.001" count="2" />
        <bin index="86" start="0.086" width="0.001" count="1" />
        <bin index="87" start="0.087" width="0.001" count="1" />
        <bin index="88" start="0.088" width="0.001" count="1" />
        <bin index="89" start="0.089" width="0.001" count="1" />
        <bin index="108" start="0.108" width="0.001" count="1" />
        <bin index="109" start="0.109" width="0.001" count="1" />
        <bin index="110" start="0.11" width="0.001" count="1" />
        <bin index="111" start="0.111" width="0.001" count="2" />
        <bin index="112" start="0.112" width="0.001" count="1" />
        <bin index="113" start="0.113" width="0.001" count="1" />
        <bin index="114" start="0.114" width="0.001" count="1" />
        <bin index="115" start="0.115" width="0.001" count="2" />
        <bin index="116" start="0.116" width="0.001" count="1" />
        <bin index="129" start="0.129" width="0.001" count="2" />
        <bin index="130" start="0.13" width="0.001" count="1" />
        <bin index="131" start="0.131" width="0.001" count="1" />
        <bin index="132" start="0.132" width="0.001" count="1" />
        <bin index="133" start="0.133" width="0.001" count="2" />
        <bin index="134" start="0.134" width="0.001" count="1" />
        <bin index="135" start="0.135" width="0.001" count="1" />
        <bin index="136" start="0.136" width="0.001" count="1" />
        <bin index="232" start="0.232" width="0.001" count="1" />
      </delayHistogram>
      <jitterHistogram nBins="232" >
        <bin index="0" start="0" width="0.001" count="215" />
        <bin index="1" start="0.001" width="0.001" count="12" />
        <bin index="2" start="0.002" width="0.001" count="1" />
        <bin index="3" start="0.003" width="0.001" count="3" />
        <bin index="4" start="0.004" width="0.001" count="6" />
        <bin index="5" start="0.005" width="0.001" count="2" />
        <bin index="6" start="0.006" width="0.001" count="2" />
        <bin index="7" start="0.007" width="0.001" count="1" />
        <bin index="8" start="0.008" width="0.001" count="4" />
        <bin index="10" start="0.01" width="0.001" count="1" />
        <bin index="11" start="0.011" width="0.001" count="1" />
        <bin index="12" start="0.012" width="0.001" count="2" />
        <bin index="13" start="0.013" width="0.001" count="1" />
        <bin index="19" start="0.019" width="0.001" count="3" />
        <bin index="20" start="0.02" width="0.001" count="1" />
        <bin index="34" start="0.034" width="0.001" count="1" />
        <bin index="46" start="0.046" width="0.001" count="1" />
        <bin index="66" start="0.066" width="0.001" count="1" />
        <bin index="112" start="0.112" width="0.001" count="1" />
        <bin index="205" start="0.205" width="0.001" count="1" />
        <bin index="231" start="0.231" width="0.001" count="1" />
      </jitterHistogram>
      <packetSizeHistogram nBins="30" >
        <bin index="2" start="40" width="20" count="9" />
        <bin index="7" start="140" width="20" count="1" />
        <bin index="29" start="580" width="20" count="252" />
      </packetSizeHistogram>
      <flowInterruptionsHistogram nBins="33" >
        <bin index="27" start="6.75" width="0.25" count="1" />
        <bin index="32" start="8" width="0.25" count="1" />
      </flowInterruptionsHistogram>
    </Flow>
    <Flow flowId="5" timeFirstTxPacket="+2000000000.0ns" timeFirstRxPacket="+2016947323.0ns" timeLastTxPacket="+18457199585.0ns" timeLastRxPacket="+18473200603.0ns" delaySum="+7886854405.0ns" jitterSum="+981087757.0ns" lastDelay="+16001018.0ns" txBytes="154016" rxBytes="148724" txPackets="271" rxPackets="262" lostPackets="9" timesForwarded="0">
      <delayHistogram nBins="211" >
        <bin index="0" start="0" width="0.001" count="2" />
        <bin index="1" start="0.001" width="0.001" count="6" />
        <bin index="2" start="0.002" width="0.001" count="3" />
        <bin index="3" start="0.003" width="0.001" count="7" />
        <bin index="4" start="0.004" width="0.001" count="12" />
        <bin index="5" start="0.005" width="0.001" count="7" />
        <bin index="6" start="0.006" width="0.001" count="7" />
        <bin index="7" start="0.007" width="0.001" count="9" />
        <bin index="8" start="0.008" width="0.001" count="10" />
        <bin index="9" start="0.009" width="0.001" count="6" />
        <bin index="10" start="0.01" width="0.001" count="2" />
        <bin index="11" start="0.011" width="0.001" count="8" />
        <bin index="12" start="0.012" width="0.001" count="6" />
        <bin index="13" start="0.013" width="0.001" count="2" />
        <bin index="14" start="0.014" width="0.001" count="3" />
        <bin index="15" start="0.015" width="0.001" count="3" />
        <bin index="16" start="0.016" width="0.001" count="3" />
        <bin index="17" start="0.017" width="0.001" count="6" />
        <bin index="18" start="0.018" width="0.001" count="5" />
        <bin index="19" start="0.019" width="0.001" count="3" />
        <bin index="20" start="0.02" width="0.001" count="5" />
        <bin index="21" start="0.021" width="0.001" count="5" />
        <bin index="22" start="0.022" width="0.001" count="6" />
        <bin index="23" start="0.023" width="0.001" count="4" />
        <bin index="24" start="0.024" width="0.001" count="3" />
        <bin index="25" start="0.025" width="0.001" count="2" />
        <bin index="26" start="0.026" width="0.001" count="1" />
        <bin index="27" start="0.027" width="0.001" count="4" />
        <bin index="28" start="0.028" width="0.001" count="3" />
        <bin index="29" start="0.029" width="0.001" count="3" />
        <bin index="30" start="0.03" width="0.001" count="8" />
        <bin index="31" start="0.031" width="0.001" count="6" />
        <bin index="32" start="0.032" width="0.001" count="5" />
        <bin index="33" start="0.033" width="0.001" count="6" />
        <bin index="34" start="0.034" width="0.001" count="4" />
        <bin index="35" start="0.035" width="0.001" count="8" />
        <bin index="36" start="0.036" width="0.001" count="6" />
        <bin index="37" start="0.037" width="0.001" count="4" />
        <bin index="38" start="0.038" width="0.001" count="6" />
        <bin index="39" start="0.039" width="0.001" count="8" />
        <bin index="40" start="0.04" width="0.001" count="7" />
        <bin index="41" start="0.041" width="0.001" count="4" />
        <bin index="42" start="0.042" width="0.001" count="4" />
        <bin index="43" start="0.043" width="0.001" count="4" />
        <bin index="44" start="0.044" width="0.001" count="2" />
        <bin index="56" start="0.056" width="0.001" count="2" />
        <bin index="57" start="0.057" width="0.001" count="1" />
        <bin index="58" start="0.058" width="0.001" count="1" />
        <bin index="59" start="0.059" width="0.001" count="1" />
        <bin index="60" start="0.06" width="0.001" count="2" />
        <bin index="61" start="0.061" width="0.001" count="1" />
        <bin index="62" start="0.062" width="0.001" count="1" />
        <bin index="63" start="0.063" width="0.001" count="2" />
        <bin index="65" start="0.065" width="0.001" count="1" />
        <bin index="80" start="0.08" width="0.001" count="1" />
        <bin index="81" start="0.081" width="0.001" count="2" />
        <bin index="82" start="0.082" width="0.001" count="1" />
        <bin index="83" start="0.083" width="0.001" count="1" />
        <bin index="84" start="0.084" width="0.001" count="2" />
        <bin index="85" start="0.085" width="0.001" count="1" />
        <bin index="86" start="0.086" width="0.001" count="1" />
        <bin index="87" start="0.087" width="0.001" count="1" />
        <bin index="106" start="0.106" width="0.001" count="1" />
        <bin index="107" start="0.107" width="0.001" count="1" />
        <bin index="108" start="0.108" width="0.001" count="1" />
        <bin index="109" start="0.109" width="0.001" count="2" />
        <bin index="110" start="0.11" width="0.001" count="1" />
        <bin index="111" start="0.111" width="0.001" count="1" />
        <bin index="112" start="0.112" width="0.001" count="1" />
        <bin index="113" start="0.113" width="0.001" count="2" />
        <bin index="114" start="0.114" width="0.001" count="1" />
        <bin index="210" start="0.21" width="0.001" count="1" />
      </delayHistogram>
      <jitterHistogram nBins="211" >
        <bin index="0" start="0" width="0.001" count="217" />
        <bin index="1" start="0.001" width="0.001" count="12" />
        <bin index="2" start="0.002" width="0.001" count="4" />
        <bin index="3" start="0.003" width="0.001" count="3" />
        <bin index="4" start="0.004" width="0.001" count="1" />
        <bin index="5" start="0.005" width="0.001" count="3" />
        <bin index="6" start="0.006" width="0.001" count="1" />
        <bin index="8" start="0.008" width="0.001" count="8" />
        <bin index="9" start="0.009" width="0.001" count="1" />
        <bin index="10" start="0.01" width="0.001" count="1" />
        <bin index="14" start="0.014" width="0.001" count="1" />
        <bin index="15" start="0.015" width="0.001" count="1" />
        <bin index="19" start="0.019" width="0.001" count="1" />
        <bin index="25" start="0.025" width="0.001" count="1" />
        <bin index="28" start="0.028" width="0.001" count="1" />
        <bin index="35" start="0.035" width="0.001" count="1" />
        <bin index="58" start="0.058" width="0.001" count="1" />
        <bin index="63" start="0.063" width="0.001" count="1" />
        <bin index="187" start="0.187" width="0.001" count="1" />
        <bin index="210" start="0.21" width="0.001" count="1" />
      </jitterHistogram>
      <packetSizeHistogram nBins="30" >
        <bin index="2" start="40" width="20" count="9" />
        <bin index="7" start="140" width="20" count="1" />
        <bin index="29" start="580" width="20" count="252" />
      </packetSizeHistogram>
      <flowInterruptionsHistogram nBins="33" >
        <bin index="27" start="6.75" width="0.25" count="1" />
        <bin index="32" start="8" width="0.25" count="1" />
      </flowInterruptionsHistogram>
    </Flow>
    <Flow flowId="6" timeFirstTxPacket="+2000000000.0ns" timeFirstRxPacket="+2012460229.0ns" timeLastTxPacket="+47000000000.0ns" timeLastRxPacket="+47000152004.0ns" delaySum="+12916241.0ns" jitterSum="+12308225.0ns" lastDelay="+152004.0ns" txBytes="280" rxBytes="224" txPackets="5" rxPackets="4" lostPackets="1" timesForwarded="0">
      <delayHistogram nBins="13" >
        <bin index="0" start="0" width="0.001" count="3" />
        <bin index="12" start="0.012" width="0.001" count="1" />
      </delayHistogram>
      <jitterHistogram nBins="13" >
        <bin index="0" start="0" width="0.001" count="2" />
        <bin index="12" start="0.012" width="0.001" count="1" />
      </jitterHistogram>
      <packetSizeHistogram nBins="3" >
        <bin index="2" start="40" width="20" count="4" />
      </packetSizeHistogram>
      <flowInterruptionsHistogram nBins="97" >
        <bin index="35" start="8.75" width="0.25" count="1" />
        <bin index="48" start="12" width="0.25" count="1" />
        <bin index="96" start="24" width="0.25" count="1" />
      </flowInterruptionsHistogram>
    </Flow>
    <Flow flowId="7" timeFirstTxPacket="+2000000000.0ns" timeFirstRxPacket="+2003436028.0ns" timeLastTxPacket="+47000000000.0ns" timeLastRxPacket="+47000434012.0ns" delaySum="+4891064.0ns" jitterSum="+3128016.0ns" lastDelay="+434012.0ns" txBytes="280" rxBytes="224" txPackets="5" rxPackets="4" lostPackets="1" timesForwarded="0">
      <delayHistogram nBins="4" >
        <bin index="0" start="0" width="0.001" count="3" />
        <bin index="3" start="0.003" width="0.001" count="1" />
      </delayHistogram>
      <jitterHistogram nBins="3" >
        <bin index="0" start="0" width="0.001" count="2" />
        <bin index="2" start="0.002" width="0.001" count="1" />
      </jitterHistogram>
      <packetSizeHistogram nBins="3" >
        <bin index="2" start="40" width="20" count="4" />
      </packetSizeHistogram>
      <flowInterruptionsHistogram nBins="96" >
        <bin index="35" start="8.75" width="0.25" count="1" />
        <bin index="48" start="12" width="0.25" count="1" />
        <bin index="95" start="23.75" width="0.25" count="1" />
      </flowInterruptionsHistogram>
    </Flow>
    <Flow flowId="8" timeFirstTxPacket="+2000000000.0ns" timeFirstRxPacket="+2014801288.0ns" timeLastTxPacket="+47000000000.0ns" timeLastRxPacket="+47000707021.0ns" delaySum="+17264351.0ns" jitterSum="+14274267.0ns" lastDelay="+707021.0ns" txBytes="280" rxBytes="224" txPackets="5" rxPackets="4" lostPackets="1" timesForwarded="0">
      <delayHistogram nBins="15" >
        <bin index="0" start="0" width="0.001" count="3" />
        <bin index="14" start="0.014" width="0.001" count="1" />
      </delayHistogram>
      <jitterHistogram nBins="14" >
        <bin index="0" start="0" width="0.001" count="2" />
        <bin index="13" start="0.013" width="0.001" count="1" />
      </jitterHistogram>
      <packetSizeHistogram nBins="3" >
        <bin index="2" start="40" width="20" count="4" />
      </packetSizeHistogram>
      <flowInterruptionsHistogram nBins="96" >
        <bin index="35" start="8.75" width="0.25" count="1" />
        <bin index="48" start="12" width="0.25" count="1" />
        <bin index="95" start="23.75" width="0.25" count="1" />
      </flowInterruptionsHistogram>
    </Flow>
    <Flow flowId="9" timeFirstTxPacket="+2000000000.0ns" timeFirstRxPacket="+2017596342.0ns" timeLastTxPacket="+18106577503.0ns" timeLastRxPacket="+18171333499.0ns" delaySum="+6974700259.0ns" jitterSum="+1063047010.0ns" lastDelay="+64755996.0ns" txBytes="154016" rxBytes="148724" txPackets="271" rxPackets="262" lostPackets="9" timesForwarded="0">
      <delayHistogram nBins="233" >
        <bin index="0" start="0" width="0.001" count="4" />
        <bin index="1" start="0.001" width="0.001" count="4" />
        <bin index="2" start="0.002" width="0.001" count="4" />
        <bin index="3" start="0.003" width="0.001" count="13" />
        <bin index="4" start="0.004" width="0.001" count="8" />
        <bin index="5" start="0.005" width="0.001" count="6" />
        <bin index="6" start="0.006" width="0.001" count="8" />
        <bin index="7" start="0.007" width="0.001" count="12" />
        <bin index="8" start="0.008" width="0.001" count="9" />
        <bin index="9" start="0.009" width="0.001" count="6" />
        <bin index="10" start="0.01" width="0.001" count="2" />
        <bin index="11" start="0.011" width="0.001" count="7" />
        <bin index="12" start="0.012" width="0.001" count="6" />
        <bin index="13" start="0.013" width="0.001" count="3" />
        <bin index="14" start="0.014" width="0.001" count="3" />
        <bin index="15" start="0.015" width="0.001" count="3" />
        <bin index="16" start="0.016" width="0.001" count="4" />
        <bin index="17" start="0.017" width="0.001" count="6" />
        <bin index="18" start="0.018" width="0.001" count="5" />
        <bin index="19" start="0.019" width="0.001" count="3" />
        <bin index="20" start="0.02" width="0.001" count="3" />
        <bin index="21" start="0.021" width="0.001" count="3" />
        <bin index="22" start="0.022" width="0.001" count="4" />
        <bin index="23" start="0.023" width="0.001" count="3" />
        <bin index="24" start="0.024" width="0.001" count="2" />
        <bin index="25" start="0.025" width="0.001" count="2" />
        <bin index="26" start="0.026" width="0.001" count="2" />
        <bin index="27" start="0.027" width="0.001" count="4" />
        <bin index="28" start="0.028" width="0.001" count="4" />
        <bin index="29" start="0.029" width="0.001" count="5" />
        <bin index="30" start="0.03" width="0.001" count="7" />
        <bin index="31" start="0.031" width="0.001" count="5" />
        <bin index="32" start="0.032" width="0.001" count="5" />
        <bin index="33" start="0.033" width="0.001" count="8" />
        <bin index="34" start="0.034" width="0.001" count="8" />
        <bin index="35" start="0.035" width="0.001" count="9" />
        <bin index="36" start="0.036" width="0.001" count="8" />
        <bin index="37" start="0.037" width="0.001" count="8" />
        <bin index="38" start="0.038" width="0.001" count="6" />
        <bin index="39" start="0.039" width="0.001" count="7" />
        <bin index="40" start="0.04" width="0.001" count="6" />
        <bin index="41" start="0.041" width="0.001" count="3" />
        <bin index="42" start="0.042" width="0.001" count="3" />
        <bin index="43" start="0.043" width="0.001" count="2" />
        <bin index="44" start="0.044" width="0.001" count="1" />
        <bin index="49" start="0.049" width="0.001" count="2" />
        <bin index="50" start="0.05" width="0.001" count="1" />
        <bin index="51" start="0.051" width="0.001" count="1" />
        <bin index="52" start="0.052" width="0.001" count="1" />
        <bin index="53" start="0.053" width="0.001" count="2" />
        <bin index="54" start="0.054" width="0.001" count="1" />
        <bin index="55" start="0.055" width="0.001" count="1" />
        <bin index="56" start="0.056" width="0.001" count="1" />
        <bin index="57" start="0.057" width="0.001" count="1" />
        <bin index="58" start="0.058" width="0.001" count="1" />
        <bin index="64" start="0.064" width="0.001" count="2" />
        <bin index="71" start="0.071" width="0.001" count="1" />
        <bin index="72" start="0.072" width="0.001" count="1" />
        <bin index="73" start="0.073" width="0.001" count="1" />
        <bin index="74" start="0.074" width="0.001" count="1" />
        <bin index="75" start="0.075" width="0.001" count="2" />
        <bin index="76" start="0.076" width="0.001" count="1" />
        <bin index="77" start="0.077" width="0.001" count="1" />
        <bin index="78" start="0.078" width="0.001" count="1" />
        <bin index="79" start="0.079" width="0.001" count="2" />
        <bin index="81" start="0.081" width="0.001" count="1" />
        <bin index="82" start="0.082" width="0.001" count="1" />
        <bin index="232" start="0.232" width="0.001" count="1" />
      </delayHistogram>
      <jitterHistogram nBins="232" >
        <bin index="0" start="0" width="0.001" count="218" />
        <bin index="1" start="0.001" width="0.001" count="12" />
        <bin index="2" start="0.002" width="0.001" count="1" />
        <bin index="3" start="0.003" width="0.001" count="2" />
        <bin index="4" start="0.004" width="0.001" count="8" />
        <bin index="5" start="0.005" width="0.001" count="1" />
        <bin index="6" start="0.006" width="0.001" count="1" />
        <bin index="8" start="0.008" width="0.001" count="7" />
        <bin index="9" start="0.009" width="0.001" count="2" />
        <bin index="10" start="0.01" width="0.001" count="1" />
        <bin index="11" start="0.011" width="0.001" count="1" />
        <bin index="13" start="0.013" width="0.001" count="1" />
        <bin index="56" start="0.056" width="0.001" count="1" />
        <bin index="61" start="0.061" width="0.001" count="2" />
        <bin index="79" start="0.079" width="0.001" count="1" />
        <bin index="208" start="0.208" width="0.001" count="1" />
        <bin index="231" start="0.231" width="0.001" count="1" />
      </jitterHistogram>
      <packetSizeHistogram nBins="30" >
        <bin index="2" start="40" width="20" count="9" />
        <bin index="7" start="140" width="20" count="1" />
        <bin index="29" start="580" width="20" count="252" />
      </packetSizeHistogram>
      <flowInterruptionsHistogram nBins="33" >
        <bin index="27" start="6.75" width="0.25" count="1" />
        <bin index="32" start="8" width="0.25" count="1" />
      </flowInterruptionsHistogram>
    </Flow>
    <Flow flowId="10" timeFirstTxPacket="+2000000000.0ns" timeFirstRxPacket="+2021719407.0ns" timeLastTxPacket="+47000000000.0ns" timeLastRxPacket="+47001061031.0ns" delaySum="+25253500.0ns" jitterSum="+20928376.0ns" lastDelay="+1061031.0ns" txBytes="280" rxBytes="224" txPackets="5" rxPackets="4" lostPackets="1" timesForwarded="0">
      <delayHistogram nBins="22" >
        <bin index="1" start="0.001" width="0.001" count="3" />
        <bin index="21" start="0.021" width="0.001" count="1" />
      </delayHistogram>
      <jitterHistogram nBins="21" >
        <bin index="0" start="0" width="0.001" count="2" />
        <bin index="20" start="0.02" width="0.001" count="1" />
      </jitterHistogram>
      <packetSizeHistogram nBins="3" >
        <bin index="2" start="40" width="20" count="4" />
      </packetSizeHistogram>
      <flowInterruptionsHistogram nBins="96" >
        <bin index="35" start="8.75" width="0.25" count="1" />
        <bin index="48" start="12" width="0.25" count="1" />
        <bin index="95" start="23.75" width="0.25" count="1" />
      </flowInterruptionsHistogram>
    </Flow>
    <Flow flowId="11" timeFirstTxPacket="+2003436028.0ns" timeFirstRxPacket="+0.0ns" timeLastTxPacket="+35003436028.0ns" timeLastRxPacket="+0.0ns" delaySum="+0.0ns" jitterSum="+0.0ns" lastDelay="+0.0ns" txBytes="336" rxBytes="0" txPackets="6" rxPackets="0" lostPackets="6" timesForwarded="0">
      <delayHistogram nBins="0" >
      </delayHistogram>
      <jitterHistogram nBins="0" >
      </jitterHistogram>
      <packetSizeHistogram nBins="0" >
      </packetSizeHistogram>
      <flowInterruptionsHistogram nBins="0" >
      </flowInterruptionsHistogram>
    </Flow>
    <Flow flowId="12" timeFirstTxPacket="+2005641069.0ns" timeFirstRxPacket="+2015379299.0ns" timeLastTxPacket="+10233628532.0ns" timeLastRxPacket="+10234208867.0ns" delaySum="+38030104795.0ns" jitterSum="+11162318651.0ns" lastDelay="+580335.0ns" txBytes="222928" rxBytes="222928" txPackets="4287" rxPackets="4287" lostPackets="0" timesForwarded="0">
      <delayHistogram nBins="72" >
        <bin index="0" start="0" width="0.001" count="35" />
        <bin index="1" start="0.001" width="0.001" count="586" />
        <bin index="2" start="0.002" width="0.001" count="104" />
        <bin index="3" start="0.003" width="0.001" count="439" />
        <bin index="4" start="0.004" width="0.001" count="505" />
        <bin index="5" start="0.005" width="0.001" count="93" />
        <bin index="6" start="0.006" width="0.001" count="436" />
        <bin index="7" start="0.007" width="0.001" count="507" />
        <bin index="8" start="0.008" width="0.001" count="92" />
        <bin index="9" start="0.009" width="0.001" count="424" />
        <bin index="10" start="0.01" width="0.001" count="69" />
        <bin index="11" start="0.011" width="0.001" count="84" />
        <bin index="12" start="0.012" width="0.001" count="38" />
        <bin index="13" start="0.013" width="0.001" count="95" />
        <bin index="14" start="0.014" width="0.001" count="79" />
        <bin index="15" start="0.015" width="0.001" count="36" />
        <bin index="16" start="0.016" width="0.001" count="97" />
        <bin index="17" start="0.017" width="0.001" count="78" />
        <bin index="18" start="0.018" width="0.001" count="35" />
        <bin index="19" start="0.019" width="0.001" count="90" />
        <bin index="20" start="0.02" width="0.001" count="14" />
        <bin index="21" start="0.021" width="0.001" count="34" />
        <bin index="22" start="0.022" width="0.001" count="12" />
        <bin index="23" start="0.023" width="0.001" count="39" />
        <bin index="24" start="0.024" width="0.001" count="37" />
        <bin index="25" start="0.025" width="0.001" count="11" />
        <bin index="26" start="0.026" width="0.001" count="40" />
        <bin index="27" start="0.027" width="0.001" count="30" />
        <bin index="28" start="0.028" width="0.001" count="13" />
        <bin index="29" start="0.029" width="0.001" count="35" />
        <bin index="30" start="0.03" width="0.001" count="3" />
        <bin index="31" start="0.031" width="0.001" count="10" />
        <bin index="32" start="0.032" width="0.001" count="9" />
        <bin index="33" start="0.033" width="0.001" count="6" />
        <bin index="34" start="0.034" width="0.001" count="10" />
        <bin index="35" start="0.035" width="0.001" count="8" />
        <bin index="36" start="0.036" width="0.001" count="6" />
        <bin index="37" start="0.037" width="0.001" count="10" />
        <bin index="38" start="0.038" width="0.001" count="8" />
        <bin index="39" start="0.039" width="0.001" count="5" />
        <bin index="40" start="0.04" width="0.001" count="1" />
        <bin index="41" start="0.041" width="0.001" count="2" />
        <bin index="43" start="0.043" width="0.001" count="2" />
        <bin index="44" start="0.044" width="0.001" count="2" />
        <bin index="46" start="0.046" width="0.001" count="2" />
        <bin index="47" start="0.047" width="0.001" count="2" />
        <bin index="49" start="0.049" width="0.001" count="2" />
        <bin index="54" start="0.054" width="0.001" count="1" />
        <bin index="56" start="0.056" width="0.001" count="1" />
        <bin index="57" start="0.057" width="0.001" count="1" />
        <bin index="59" start="0.059" width="0.001" count="1" />
        <bin index="60" start="0.06" width="0.001" count="1" />
        <bin index="62" start="0.062" width="0.001" count="1" />
        <bin index="63" start="0.063" width="0.001" count="1" />
        <bin index="65" start="0.065" width="0.001" count="1" />
        <bin index="66" start="0.066" width="0.001" count="1" />
        <bin index="68" start="0.068" width="0.001" count="1" />
        <bin index="69" start="0.069" width="0.001" count="1" />
        <bin index="71" start="0.071" width="0.001" count="1" />
      </delayHistogram>
      <jitterHistogram nBins="70" >
        <bin index="0" start="0" width="0.001" count="229" />
        <bin index="1" start="0.001" width="0.001" count="3501" />
        <bin index="2" start="0.002" width="0.001" count="15" />
        <bin index="3" start="0.003" width="0.001" count="7" />
        <bin index="4" start="0.004" width="0.001" count="2" />
        <bin index="5" start="0.005" width="0.001" count="27" />
        <bin index="6" start="0.006" width="0.001" count="60" />
        <bin index="7" start="0.007" width="0.001" count="316" />
        <bin index="9" start="0.009" width="0.001" count="1" />
        <bin index="12" start="0.012" width="0.001" count="3" />
        <bin index="13" start="0.013" width="0.001" count="2" />
        <bin index="14" start="0.014" width="0.001" count="1" />
        <bin index="16" start="0.016" width="0.001" count="19" />
        <bin index="17" start="0.017" width="0.001" count="52" />
        <bin index="21" start="0.021" width="0.001" count="5" />
        <bin index="23" start="0.023" width="0.001" count="1" />
        <bin index="25" start="0.025" width="0.001" count="2" />
        <bin index="26" start="0.026" width="0.001" count="5" />
        <bin index="27" start="0.027" width="0.001" count="23" />
        <bin index="28" start="0.028" width="0.001" count="1" />
        <bin index="34" start="0.034" width="0.001" count="1" />
        <bin index="37" start="0.037" width="0.001" count="10" />
        <bin index="47" start="0.047" width="0.001" count="2" />
        <bin index="69" start="0.069" width="0.001" count="1" />
      </jitterHistogram>
      <packetSizeHistogram nBins="3" >
        <bin index="2" start="40" width="20" count="4287" />
      </packetSizeHistogram>
      <flowInterruptionsHistogram nBins="0" >
      </flowInterruptionsHistogram>
    </Flow>
    <Flow flowId="13" timeFirstTxPacket="+2011658214.0ns" timeFirstRxPacket="+2022198418.0ns" timeLastTxPacket="+18170146160.0ns" timeLastRxPacket="+18170949495.0ns" delaySum="+577269354.0ns" jitterSum="+348366359.0ns" lastDelay="+803335.0ns" txBytes="6868" rxBytes="6868" txPackets="132" rxPackets="132" lostPackets="0" timesForwarded="0">
      <delayHistogram nBins="22" >
        <bin index="0" start="0" width="0.001" count="17" />
        <bin index="1" start="0.001" width="0.001" count="19" />
        <bin index="2" start="0.002" width="0.001" count="20" />
        <bin index="3" start="0.003" width="0.001" count="17" />
        <bin index="4" start="0.004" width="0.001" count="13" />
        <bin index="5" start="0.005" width="0.001" count="8" />
        <bin index="6" start="0.006" width="0.001" count="12" />
        <bin index="7" start="0.007" width="0.001" count="13" />
        <bin index="8" start="0.008" width="0.001" count="5" />
        <bin index="9" start="0.009" width="0.001" count="1" />
        <bin index="10" start="0.01" width="0.001" count="3" />
        <bin index="12" start="0.012" width="0.001" count="1" />
        <bin index="18" start="0.018" width="0.001" count="1" />
        <bin index="20" start="0.02" width="0.001" count="1" />
        <bin index="21" start="0.021" width="0.001" count="1" />
      </delayHistogram>
      <jitterHistogram nBins="22" >
        <bin index="0" start="0" width="0.001" count="7" />
        <bin index="1" start="0.001" width="0.001" count="97" />
        <bin index="2" start="0.002" width="0.001" count="3" />
        <bin index="3" start="0.003" width="0.001" count="3" />
        <bin index="4" start="0.004" width="0.001" count="3" />
        <bin index="5" start="0.005" width="0.001" count="1" />
        <bin index="6" start="0.006" width="0.001" count="2" />
        <bin index="7" start="0.007" width="0.001" count="10" />
        <bin index="9" start="0.009" width="0.001" count="1" />
        <bin index="10" start="0.01" width="0.001" count="1" />
        <bin index="12" start="0.012" width="0.001" count="1" />
        <bin index="14" start="0.014" width="0.001" count="1" />
        <bin index="21" start="0.021" width="0.001" count="1" />
      </jitterHistogram>
      <packetSizeHistogram nBins="3" >
        <bin index="2" start="40" width="20" count="132" />
      </packetSizeHistogram>
      <flowInterruptionsHistogram nBins="32" >
        <bin index="29" start="7.25" width="0.25" count="1" />
        <bin index="31" start="7.75" width="0.25" count="1" />
      </flowInterruptionsHistogram>
    </Flow>
    <Flow flowId="14" timeFirstTxPacket="+2012460229.0ns" timeFirstRxPacket="+0.0ns" timeLastTxPacket="+35012460229.0ns" timeLastRxPacket="+0.0ns" delaySum="+0.0ns" jitterSum="+0.0ns" lastDelay="+0.0ns" txBytes="336" rxBytes="0" txPackets="6" rxPackets="0" lostPackets="6" timesForwarded="0">
      <delayHistogram nBins="0" >
      </delayHistogram>
      <jitterHistogram nBins="0" >
      </jitterHistogram>
      <packetSizeHistogram nBins="0" >
      </packetSizeHistogram>
      <flowInterruptionsHistogram nBins="0" >
      </flowInterruptionsHistogram>
    </Flow>
    <Flow flowId="15" timeFirstTxPacket="+2014044268.0ns" timeFirstRxPacket="+2028614480.0ns" timeLastTxPacket="+18472077928.0ns" timeLastRxPacket="+18473434611.0ns" delaySum="+540285355.0ns" jitterSum="+315271453.0ns" lastDelay="+1356683.0ns" txBytes="6712" rxBytes="6712" txPackets="129" rxPackets="129" lostPackets="0" timesForwarded="0">
      <delayHistogram nBins="19" >
        <bin index="0" start="0" width="0.001" count="15" />
        <bin index="1" start="0.001" width="0.001" count="27" />
        <bin index="2" start="0.002" width="0.001" count="19" />
        <bin index="3" start="0.003" width="0.001" count="14" />
        <bin index="4" start="0.004" width="0.001" count="14" />
        <bin index="5" start="0.005" width="0.001" count="6" />
        <bin index="6" start="0.006" width="0.001" count="12" />
        <bin index="7" start="0.007" width="0.001" count="10" />
        <bin index="8" start="0.008" width="0.001" count="2" />
        <bin index="9" start="0.009" width="0.001" count="2" />
        <bin index="10" start="0.01" width="0.001" count="2" />
        <bin index="12" start="0.012" width="0.001" count="1" />
        <bin index="14" start="0.014" width="0.001" count="2" />
        <bin index="15" start="0.015" width="0.001" count="1" />
        <bin index="17" start="0.017" width="0.001" count="1" />
        <bin index="18" start="0.018" width="0.001" count="1" />
      </delayHistogram>
      <jitterHistogram nBins="18" >
        <bin index="0" start="0" width="0.001" count="13" />
        <bin index="1" start="0.001" width="0.001" count="86" />
        <bin index="2" start="0.002" width="0.001" count="3" />
        <bin index="3" start="0.003" width="0.001" count="6" />
        <bin index="4" start="0.004" width="0.001" count="5" />
        <bin index="5" start="0.005" width="0.001" count="3" />
        <bin index="6" start="0.006" width="0.001" count="2" />
        <bin index="7" start="0.007" width="0.001" count="6" />
        <bin index="9" start="0.009" width="0.001" count="2" />
        <bin index="14" start="0.014" width="0.001" count="1" />
        <bin index="17" start="0.017" width="0.001" count="1" />
      </jitterHistogram>
      <packetSizeHistogram nBins="3" >
        <bin index="2" start="40" width="20" count="129" />
      </packetSizeHistogram>
      <flowInterruptionsHistogram nBins="32" >
        <bin index="29" start="7.25" width="0.25" count="1" />
        <bin index="31" start="7.75" width="0.25" count="1" />
      </flowInterruptionsHistogram>
    </Flow>
    <Flow flowId="16" timeFirstTxPacket="+2014801288.0ns" timeFirstRxPacket="+0.0ns" timeLastTxPacket="+35014801288.0ns" timeLastRxPacket="+0.0ns" delaySum="+0.0ns" jitterSum="+0.0ns" lastDelay="+0.0ns" txBytes="336" rxBytes="0" txPackets="6" rxPackets="0" lostPackets="6" timesForwarded="0">
      <delayHistogram nBins="0" >
      </delayHistogram>
      <jitterHistogram nBins="0" >
      </jitterHistogram>
      <packetSizeHistogram nBins="0" >
      </packetSizeHistogram>
      <flowInterruptionsHistogram nBins="0" >
      </flowInterruptionsHistogram>
    </Flow>
    <Flow flowId="17" timeFirstTxPacket="+2016226308.0ns" timeFirstRxPacket="+2028287470.0ns" timeLastTxPacket="+18493220605.0ns" timeLastRxPacket="+18494394607.0ns" delaySum="+571198275.0ns" jitterSum="+435871372.0ns" lastDelay="+1174002.0ns" txBytes="6712" rxBytes="6712" txPackets="129" rxPackets="129" lostPackets="0" timesForwarded="0">
      <delayHistogram nBins="69" >
        <bin index="0" start="0" width="0.001" count="14" />
        <bin index="1" start="0.001" width="0.001" count="29" />
        <bin index="2" start="0.002" width="0.001" count="14" />
        <bin index="3" start="0.003" width="0.001" count="15" />
        <bin index="4" start="0.004" width="0.001" count="16" />
        <bin index="5" start="0.005" width="0.001" count="8" />
        <bin index="6" start="0.006" width="0.001" count="11" />
        <bin index="7" start="0.007" width="0.001" count="12" />
        <bin index="8" start="0.008" width="0.001" count="4" />
        <bin index="9" start="0.009" width="0.001" count="1" />
        <bin index="10" start="0.01" width="0.001" count="1" />
        <bin index="11" start="0.011" width="0.001" count="1" />
        <bin index="12" start="0.012" width="0.001" count="2" />
        <bin index="68" start="0.068" width="0.001" count="1" />
      </delayHistogram>
      <jitterHistogram nBins="69" >
        <bin index="0" start="0" width="0.001" count="13" />
        <bin index="1" start="0.001" width="0.001" count="88" />
        <bin index="2" start="0.002" width="0.001" count="1" />
        <bin index="3" start="0.003" width="0.001" count="4" />
        <bin index="4" start="0.004" width="0.001" count="3" />
        <bin index="5" start="0.005" width="0.001" count="2" />
        <bin index="6" start="0.006" width="0.001" count="7" />
        <bin index="7" start="0.007" width="0.001" count="4" />
        <bin index="8" start="0.008" width="0.001" count="1" />
        <bin index="9" start="0.009" width="0.001" count="1" />
        <bin index="11" start="0.011" width="0.001" count="2" />
        <bin index="68" start="0.068" width="0.001" count="2" />
      </jitterHistogram>
      <packetSizeHistogram nBins="3" >
        <bin index="2" start="40" width="20" count="129" />
      </packetSizeHistogram>
      <flowInterruptionsHistogram nBins="32" >
        <bin index="28" start="7" width="0.25" count="1" />
        <bin index="31" start="7.75" width="0.25" count="1" />
      </flowInterruptionsHistogram>
    </Flow>
    <Flow flowId="18" timeFirstTxPacket="+2016947323.0ns" timeFirstRxPacket="+2026280459.0ns" timeLastTxPacket="+18285910866.0ns" timeLastRxPacket="+18457199585.0ns" delaySum="+747076689.0ns" jitterSum="+514359433.0ns" lastDelay="+171288719.0ns" txBytes="6712" rxBytes="6712" txPackets="129" rxPackets="129" lostPackets="0" timesForwarded="0">
      <delayHistogram nBins="172" >
        <bin index="0" start="0" width="0.001" count="16" />
        <bin index="1" start="0.001" width="0.001" count="21" />
        <bin index="2" start="0.002" width="0.001" count="16" />
        <bin index="3" start="0.003" width="0.001" count="15" />
        <bin index="4" start="0.004" width="0.001" count="18" />
        <bin index="5" start="0.005" width="0.001" count="8" />
        <bin index="6" start="0.006" width="0.001" count="9" />
        <bin index="7" start="0.007" width="0.001" count="12" />
        <bin index="8" start="0.008" width="0.001" count="4" />
        <bin index="9" start="0.009" width="0.001" count="2" />
        <bin index="11" start="0.011" width="0.001" count="1" />
        <bin index="13" start="0.013" width="0.001" count="1" />
        <bin index="14" start="0.014" width="0.001" count="1" />
        <bin index="16" start="0.016" width="0.001" count="1" />
        <bin index="17" start="0.017" width="0.001" count="1" />
        <bin index="19" start="0.019" width="0.001" count="1" />
        <bin index="24" start="0.024" width="0.001" count="1" />
        <bin index="171" start="0.171" width="0.001" count="1" />
      </delayHistogram>
      <jitterHistogram nBins="170" >
        <bin index="0" start="0" width="0.001" count="5" />
        <bin index="1" start="0.001" width="0.001" count="92" />
        <bin index="2" start="0.002" width="0.001" count="5" />
        <bin index="3" start="0.003" width="0.001" count="6" />
        <bin index="4" start="0.004" width="0.001" count="3" />
        <bin index="5" start="0.005" width="0.001" count="2" />
        <bin index="6" start="0.006" width="0.001" count="6" />
        <bin index="7" start="0.007" width="0.001" count="4" />
        <bin index="9" start="0.009" width="0.001" count="1" />
        <bin index="18" start="0.018" width="0.001" count="1" />
        <bin index="20" start="0.02" width="0.001" count="1" />
        <bin index="24" start="0.024" width="0.001" count="1" />
        <bin index="169" start="0.169" width="0.001" count="1" />
      </jitterHistogram>
      <packetSizeHistogram nBins="3" >
        <bin index="2" start="40" width="20" count="129" />
      </packetSizeHistogram>
      <flowInterruptionsHistogram nBins="32" >
        <bin index="29" start="7.25" width="0.25" count="1" />
        <bin index="31" start="7.75" width="0.25" count="1" />
      </flowInterruptionsHistogram>
    </Flow>
    <Flow flowId="19" timeFirstTxPacket="+2017596342.0ns" timeFirstRxPacket="+2025492447.0ns" timeLastTxPacket="+18105482166.0ns" timeLastRxPacket="+18106577503.0ns" delaySum="+467916988.0ns" jitterSum="+302095466.0ns" lastDelay="+1095337.0ns" txBytes="6712" rxBytes="6712" txPackets="129" rxPackets="129" lostPackets="0" timesForwarded="0">
      <delayHistogram nBins="10" >
        <bin index="0" start="0" width="0.001" count="17" />
        <bin index="1" start="0.001" width="0.001" count="23" />
        <bin index="2" start="0.002" width="0.001" count="21" />
        <bin index="3" start="0.003" width="0.001" count="18" />
        <bin index="4" start="0.004" width="0.001" count="13" />
        <bin index="5" start="0.005" width="0.001" count="8" />
        <bin index="6" start="0.006" width="0.001" count="12" />
        <bin index="7" start="0.007" width="0.001" count="11" />
        <bin index="8" start="0.008" width="0.001" count="5" />
        <bin index="9" start="0.009" width="0.001" count="1" />
      </delayHistogram>
      <jitterHistogram nBins="9" >
        <bin index="0" start="0" width="0.001" count="6" />
        <bin index="1" start="0.001" width="0.001" count="93" />
        <bin index="2" start="0.002" width="0.001" count="6" />
        <bin index="3" start="0.003" width="0.001" count="3" />
        <bin index="4" start="0.004" width="0.001" count="5" />
        <bin index="5" start="0.005" width="0.001" count="2" />
        <bin index="6" start="0.006" width="0.001" count="2" />
        <bin index="7" start="0.007" width="0.001" count="10" />
        <bin index="8" start="0.008" width="0.001" count="1" />
      </jitterHistogram>
      <packetSizeHistogram nBins="3" >
        <bin index="2" start="40" width="20" count="129" />
      </packetSizeHistogram>
      <flowInterruptionsHistogram nBins="32" >
        <bin index="29" start="7.25" width="0.25" count="1" />
        <bin index="31" start="7.75" width="0.25" count="1" />
      </flowInterruptionsHistogram>
    </Flow>
    <Flow flowId="20" timeFirstTxPacket="+2021719407.0ns" timeFirstRxPacket="+0.0ns" timeLastTxPacket="+35021719407.0ns" timeLastRxPacket="+0.0ns" delaySum="+0.0ns" jitterSum="+0.0ns" lastDelay="+0.0ns" txBytes="336" rxBytes="0" txPackets="6" rxPackets="0" lostPackets="6" timesForwarded="0">
      <delayHistogram nBins="0" >
      </delayHistogram>
      <jitterHistogram nBins="0" >
      </jitterHistogram>
      <packetSizeHistogram nBins="0" >
      </packetSizeHistogram>
      <flowInterruptionsHistogram nBins="0" >
      </flowInterruptionsHistogram>
    </Flow>
  </FlowStats>
  <Ipv4FlowClassifier>
    <Flow flowId="1" sourceAddress="10.1.1.1" destinationAddress="10.1.1.2" protocol="6" sourcePort="49153" destinationPort="50000" />
    <Flow flowId="2" sourceAddress="10.1.1.1" destinationAddress="10.1.1.3" protocol="6" sourcePort="49154" destinationPort="50000" />
    <Flow flowId="3" sourceAddress="10.1.1.1" destinationAddress="10.1.1.4" protocol="6" sourcePort="49155" destinationPort="50000" />
    <Flow flowId="4" sourceAddress="10.1.1.1" destinationAddress="10.1.1.5" protocol="6" sourcePort="49156" destinationPort="50000" />
    <Flow flowId="5" sourceAddress="10.1.1.1" destinationAddress="10.1.1.6" protocol="6" sourcePort="49157" destinationPort="50000" />
    <Flow flowId="6" sourceAddress="10.1.1.1" destinationAddress="10.1.1.7" protocol="6" sourcePort="49158" destinationPort="50000" />
    <Flow flowId="7" sourceAddress="10.1.1.1" destinationAddress="10.1.1.8" protocol="6" sourcePort="49159" destinationPort="50000" />
    <Flow flowId="8" sourceAddress="10.1.1.1" destinationAddress="10.1.1.9" protocol="6" sourcePort="49160" destinationPort="50000" />
    <Flow flowId="9" sourceAddress="10.1.1.1" destinationAddress="10.1.1.10" protocol="6" sourcePort="49161" destinationPort="50000" />
    <Flow flowId="10" sourceAddress="10.1.1.1" destinationAddress="10.1.1.11" protocol="6" sourcePort="49162" destinationPort="50000" />
    <Flow flowId="13" sourceAddress="10.1.1.2" destinationAddress="10.1.1.1" protocol="6" sourcePort="50000" destinationPort="49153" />
    <Flow flowId="12" sourceAddress="10.1.1.3" destinationAddress="10.1.1.1" protocol="6" sourcePort="50000" destinationPort="49154" />
    <Flow flowId="17" sourceAddress="10.1.1.4" destinationAddress="10.1.1.1" protocol="6" sourcePort="50000" destinationPort="49155" />
    <Flow flowId="15" sourceAddress="10.1.1.5" destinationAddress="10.1.1.1" protocol="6" sourcePort="50000" destinationPort="49156" />
    <Flow flowId="18" sourceAddress="10.1.1.6" destinationAddress="10.1.1.1" protocol="6" sourcePort="50000" destinationPort="49157" />
    <Flow flowId="14" sourceAddress="10.1.1.7" destinationAddress="10.1.1.1" protocol="6" sourcePort="50000" destinationPort="49158" />
    <Flow flowId="11" sourceAddress="10.1.1.8" destinationAddress="10.1.1.1" protocol="6" sourcePort="50000" destinationPort="49159" />
    <Flow flowId="16" sourceAddress="10.1.1.9" destinationAddress="10.1.1.1" protocol="6" sourcePort="50000" destinationPort="49160" />
    <Flow flowId="19" sourceAddress="10.1.1.10" destinationAddress="10.1.1.1" protocol="6" sourcePort="50000" destinationPort="49161" />
    <Flow flowId="20" sourceAddress="10.1.1.11" destinationAddress="10.1.1.1" protocol="6" sourcePort="50000" destinationPort="49162" />
  </Ipv4FlowClassifier>
  <Ipv6FlowClassifier>
  </Ipv6FlowClassifier>
  <FlowProbes>
    <FlowProbe index="0">
      <FlowStats  flowId="1" packets="279" bytes="159112" delayFromFirstProbeSum="+0.0ns" >
      </FlowStats>
      <FlowStats  flowId="2" packets="8573" bytes="4850024" delayFromFirstProbeSum="+0.0ns" >
      </FlowStats>
      <FlowStats  flowId="3" packets="271" bytes="154016" delayFromFirstProbeSum="+0.0ns" >
      </FlowStats>
      <FlowStats  flowId="4" packets="271" bytes="154016" delayFromFirstProbeSum="+0.0ns" >
      </FlowStats>
      <FlowStats  flowId="5" packets="271" bytes="154016" delayFromFirstProbeSum="+0.0ns" >
      </FlowStats>
      <FlowStats  flowId="6" packets="5" bytes="280" delayFromFirstProbeSum="+0.0ns" >
      </FlowStats>
      <FlowStats  flowId="7" packets="5" bytes="280" delayFromFirstProbeSum="+0.0ns" >
      </FlowStats>
      <FlowStats  flowId="8" packets="5" bytes="280" delayFromFirstProbeSum="+0.0ns" >
      </FlowStats>
      <FlowStats  flowId="9" packets="271" bytes="154016" delayFromFirstProbeSum="+0.0ns" >
      </FlowStats>
      <FlowStats  flowId="10" packets="5" bytes="280" delayFromFirstProbeSum="+0.0ns" >
      </FlowStats>
      <FlowStats  flowId="12" packets="4287" bytes="222928" delayFromFirstProbeSum="+38030104795.0ns" >
      </FlowStats>
      <FlowStats  flowId="13" packets="132" bytes="6868" delayFromFirstProbeSum="+577269354.0ns" >
      </FlowStats>
      <FlowStats  flowId="15" packets="129" bytes="6712" delayFromFirstProbeSum="+540285355.0ns" >
      </FlowStats>
      <FlowStats  flowId="17" packets="129" bytes="6712" delayFromFirstProbeSum="+571198275.0ns" >
      </FlowStats>
      <FlowStats  flowId="18" packets="129" bytes="6712" delayFromFirstProbeSum="+747076689.0ns" >
      </FlowStats>
      <FlowStats  flowId="19" packets="129" bytes="6712" delayFromFirstProbeSum="+467916988.0ns" >
      </FlowStats>
    </FlowProbe>
    <FlowProbe index="1">
    </FlowProbe>
    <FlowProbe index="2">
      <FlowStats  flowId="1" packets="267" bytes="152056" delayFromFirstProbeSum="+7964440642.0ns" >
      </FlowStats>
      <FlowStats  flowId="13" packets="132" bytes="6868" delayFromFirstProbeSum="+0.0ns" >
      </FlowStats>
    </FlowProbe>
    <FlowProbe index="3">
    </FlowProbe>
    <FlowProbe index="4">
      <FlowStats  flowId="2" packets="8573" bytes="4850024" delayFromFirstProbeSum="+1881989641461.0ns" >
      </FlowStats>
      <FlowStats  flowId="12" packets="4287" bytes="222928" delayFromFirstProbeSum="+0.0ns" >
      </FlowStats>
    </FlowProbe>
    <FlowProbe index="5">
    </FlowProbe>
    <FlowProbe index="6">
      <FlowStats  flowId="3" packets="262" bytes="148724" delayFromFirstProbeSum="+9653764142.0ns" >
      </FlowStats>
      <FlowStats  flowId="17" packets="129" bytes="6712" delayFromFirstProbeSum="+0.0ns" >
      </FlowStats>
    </FlowProbe>
    <FlowProbe index="7">
    </FlowProbe>
    <FlowProbe index="8">
      <FlowStats  flowId="4" packets="262" bytes="148724" delayFromFirstProbeSum="+9271677986.0ns" >
      </FlowStats>
      <FlowStats  flowId="15" packets="129" bytes="6712" delayFromFirstProbeSum="+0.0ns" >
      </FlowStats>
    </FlowProbe>
    <FlowProbe index="9">
    </FlowProbe>
    <FlowProbe index="10">
      <FlowStats  flowId="5" packets="262" bytes="148724" delayFromFirstProbeSum="+7886854405.0ns" >
      </FlowStats>
      <FlowStats  flowId="18" packets="129" bytes="6712" delayFromFirstProbeSum="+0.0ns" >
      </FlowStats>
    </FlowProbe>
    <FlowProbe index="11">
    </FlowProbe>
    <FlowProbe index="12">
      <FlowStats  flowId="6" packets="4" bytes="224" delayFromFirstProbeSum="+12916241.0ns" >
      </FlowStats>
      <FlowStats  flowId="14" packets="6" bytes="336" delayFromFirstProbeSum="+0.0ns" >
      </FlowStats>
    </FlowProbe>
    <FlowProbe index="13">
    </FlowProbe>
    <FlowProbe index="14">
      <FlowStats  flowId="7" packets="4" bytes="224" delayFromFirstProbeSum="+4891064.0ns" >
      </FlowStats>
      <FlowStats  flowId="11" packets="6" bytes="336" delayFromFirstProbeSum="+0.0ns" >
      </FlowStats>
    </FlowProbe>
    <FlowProbe index="15">
    </FlowProbe>
    <FlowProbe index="16">
      <FlowStats  flowId="8" packets="4" bytes="224" delayFromFirstProbeSum="+17264351.0ns" >
      </FlowStats>
      <FlowStats  flowId="16" packets="6" bytes="336" delayFromFirstProbeSum="+0.0ns" >
      </FlowStats>
    </FlowProbe>
    <FlowProbe index="17">
    </FlowProbe>
    <FlowProbe index="18">
      <FlowStats  flowId="9" packets="262" bytes="148724" delayFromFirstProbeSum="+6974700259.0ns" >
      </FlowStats>
      <FlowStats  flowId="19" packets="129" bytes="6712" delayFromFirstProbeSum="+0.0ns" >
      </FlowStats>
    </FlowProbe>
    <FlowProbe index="19">
    </FlowProbe>
    <FlowProbe index="20">
      <FlowStats  flowId="10" packets="4" bytes="224" delayFromFirstProbeSum="+25253500.0ns" >
      </FlowStats>
      <FlowStats  flowId="20" packets="6" bytes="336" delayFromFirstProbeSum="+0.0ns" >
      </FlowStats>
    </FlowProbe>
    <FlowProbe index="21">
    </FlowProbe>
  </FlowProbes>
</FlowMonitor>
