<?xml version="1.0" ?>
<FlowMonitor>
  <FlowStats>
    <Flow flowId="1" timeFirstTxPacket="+2000000000.0ns" timeFirstRxPacket="+2009436112.0ns" timeLastTxPacket="+10005440836.0ns" timeLastRxPacket="+10245900448.0ns" delaySum="+1903306099395.0ns" jitterSum="+10122838522.0ns" lastDelay="+240459612.0ns" txBytes="4821824" rxBytes="4821824" txPackets="8523" rxPackets="8523" lostPackets="0" timesForwarded="0">
      <delayHistogram nBins="278" >
        <bin index="0" start="0" width="0.001" count="2" />
        <bin index="1" start="0.001" width="0.001" count="9" />
        <bin index="2" start="0.002" width="0.001" count="9" />
        <bin index="3" start="0.003" width="0.001" count="7" />
        <bin index="4" start="0.004" width="0.001" count="6" />
        <bin index="5" start="0.005" width="0.001" count="5" />
        <bin index="6" start="0.006" width="0.001" count="6" />
        <bin index="7" start="0.007" width="0.001" count="8" />
        <bin index="8" start="0.008" width="0.001" count="8" />
        <bin index="9" start="0.009" width="0.001" count="6" />
        <bin index="10" start="0.01" width="0.001" count="4" />
        <bin index="11" start="0.011" width="0.001" count="6" />
        <bin index="12" start="0.012" width="0.001" count="3" />
        <bin index="13" start="0.013" width="0.001" count="7" />
        <bin index="14" start="0.014" width="0.001" count="4" />
        <bin index="15" start="0.015" width="0.001" count="5" />
        <bin index="16" start="0.016" width="0.001" count="4" />
        <bin index="17" start="0.017" width="0.001" count="5" />
        <bin index="18" start="0.018" width="0.001" count="4" />
        <bin index="19" start="0.019" width="0.001" count="2" />
        <bin index="20" start="0.02" width="0.001" count="2" />
        <bin index="21" start="0.021" width="0.001" count="3" />
        <bin index="22" start="0.022" width="0.001" count="3" />
        <bin index="23" start="0.023" width="0.001" count="4" />
        <bin index="24" start="0.024" width="0.001" count="4" />
        <bin index="25" start="0.025" width="0.001" count="2" />
        <bin index="26" start="0.026" width="0.001" count="3" />
        <bin index="27" start="0.027" width="0.001" count="3" />
        <bin index="28" start="0.028" width="0.001" count="2" />
        <bin index="29" start="0.029" width="0.001" count="1" />
        <bin index="30" start="0.03" width="0.001" count="1" />
        <bin index="31" start="0.031" width="0.001" count="2" />
        <bin index="32" start="0.032" width="0.001" count="2" />
        <bin index="33" start="0.033" width="0.001" count="2" />
        <bin index="34" start="0.034" width="0.001" count="2" />
        <bin index="35" start="0.035" width="0.001" count="2" />
        <bin index="36" start="0.036" width="0.001" count="2" />
        <bin index="37" start="0.037" width="0.001" count="1" />
        <bin index="38" start="0.038" width="0.001" count="1" />
        <bin index="39" start="0.039" width="0.001" count="1" />
        <bin index="40" start="0.04" width="0.001" count="1" />
        <bin index="41" start="0.041" width="0.001" count="1" />
        <bin index="42" start="0.042" width="0.001" count="1" />
        <bin index="43" start="0.043" width="0.001" count="2" />
        <bin index="44" start="0.044" width="0.001" count="2" />
        <bin index="45" start="0.045" width="0.001" count="2" />
        <bin index="46" start="0.046" width="0.001" count="3" />
        <bin index="47" start="0.047" width="0.001" count="4" />
        <bin index="48" start="0.048" width="0.001" count="4" />
        <bin index="49" start="0.049" width="0.001" count="3" />
        <bin index="50" start="0.05" width="0.001" count="4" />
        <bin index="51" start="0.051" width="0.001" count="2" />
        <bin index="52" start="0.052" width="0.001" count="2" />
        <bin index="53" start="0.053" width="0.001" count="3" />
        <bin index="54" start="0.054" width="0.001" count="2" />
        <bin index="55" start="0.055" width="0.001" count="2" />
        <bin index="56" start="0.056" width="0.001" count="2" />
        <bin index="57" start="0.057" width="0.001" count="2" />
        <bin index="58" start="0.058" width="0.001" count="1" />
        <bin index="59" start="0.059" width="0.001" count="1" />
        <bin index="60" start="0.06" width="0.001" count="1" />
        <bin index="61" start="0.061" width="0.001" count="1" />
        <bin index="70" start="0.07" width="0.001" count="6" />
        <bin index="73" start="0.073" width="0.001" count="3" />
        <bin index="74" start="0.074" width="0.001" count="4" />
        <bin index="75" start="0.075" width="0.001" count="4" />
        <bin index="76" start="0.076" width="0.001" count="3" />
        <bin index="77" start="0.077" width="0.001" count="5" />
        <bin index="78" start="0.078" width="0.001" count="5" />
        <bin index="79" start="0.079" width="0.001" count="5" />
        <bin index="80" start="0.08" width="0.001" count="10" />
        <bin index="81" start="0.081" width="0.001" count="3" />
        <bin index="82" start="0.082" width="0.001" count="2" />
        <bin index="83" start="0.083" width="0.001" count="4" />
        <bin index="84" start="0.084" width="0.001" count="5" />
        <bin index="85" start="0.085" width="0.001" count="6" />
        <bin index="86" start="0.086" width="0.001" count="5" />
        <bin index="87" start="0.087" width="0.001" count="4" />
        <bin index="88" start="0.088" width="0.001" count="5" />
        <bin index="89" start="0.089" width="0.001" count="5" />
        <bin index="90" start="0.09" width="0.001" count="4" />
        <bin index="91" start="0.091" width="0.001" count="4" />
        <bin index="92" start="0.092" width="0.001" count="2" />
        <bin index="93" start="0.093" width="0.001" count="3" />
        <bin index="94" start="0.094" width="0.001" count="2" />
        <bin index="95" start="0.095" width="0.001" count="1" />
        <bin index="96" start="0.096" width="0.001" count="3" />
        <bin index="97" start="0.097" width="0.001" count="5" />
        <bin index="98" start="0.098" width="0.001" count="4" />
        <bin index="99" start="0.099" width="0.001" count="3" />
        <bin index="100" start="0.1" width="0.001" count="14" />
        <bin index="101" start="0.101" width="0.001" count="5" />
        <bin index="102" start="0.102" width="0.001" count="1" />
        <bin index="103" start="0.103" width="0.001" count="2" />
        <bin index="104" start="0.104" width="0.001" count="3" />
        <bin index="105" start="0.105" width="0.001" count="2" />
        <bin index="106" start="0.106" width="0.001" count="4" />
        <bin index="107" start="0.107" width="0.001" count="5" />
        <bin index="108" start="0.108" width="0.001" count="5" />
        <bin index="109" start="0.109" width="0.001" count="4" />
        <bin index="110" start="0.11" width="0.001" count="5" />
        <bin index="111" start="0.111" width="0.001" count="7" />
        <bin index="112" start="0.112" width="0.001" count="3" />
        <bin index="113" start="0.113" width="0.001" count="5" />
        <bin index="114" start="0.114" width="0.001" count="5" />
        <bin index="115" start="0.115" width="0.001" count="4" />
        <bin index="116" start="0.116" width="0.001" count="6" />
        <bin index="117" start="0.117" width="0.001" count="3" />
        <bin index="118" start="0.118" width="0.001" count="6" />
        <bin index="119" start="0.119" width="0.001" count="6" />
        <bin index="120" start="0.12" width="0.001" count="4" />
        <bin index="121" start="0.121" width="0.001" count="4" />
        <bin index="122" start="0.122" width="0.001" count="4" />
        <bin index="123" start="0.123" width="0.001" count="4" />
        <bin index="124" start="0.124" width="0.001" count="3" />
        <bin index="125" start="0.125" width="0.001" count="3" />
        <bin index="126" start="0.126" width="0.001" count="3" />
        <bin index="127" start="0.127" width="0.001" count="3" />
        <bin index="128" start="0.128" width="0.001" count="3" />
        <bin index="129" start="0.129" width="0.001" count="3" />
        <bin index="130" start="0.13" width="0.001" count="2" />
        <bin index="131" start="0.131" width="0.001" count="2" />
        <bin index="132" start="0.132" width="0.001" count="2" />
        <bin index="133" start="0.133" width="0.001" count="2" />
        <bin index="134" start="0.134" width="0.001" count="1" />
        <bin index="135" start="0.135" width="0.001" count="1" />
        <bin index="136" start="0.136" width="0.001" count="2" />
        <bin index="137" start="0.137" width="0.001" count="2" />
        <bin index="138" start="0.138" width="0.001" count="3" />
        <bin index="139" start="0.139" width="0.001" count="2" />
        <bin index="140" start="0.14" width="0.001" count="4" />
        <bin index="141" start="0.141" width="0.001" count="4" />
        <bin index="142" start="0.142" width="0.001" count="4" />
        <bin index="143" start="0.143" width="0.001" count="3" />
        <bin index="144" start="0.144" width="0.001" count="2" />
        <bin index="145" start="0.145" width="0.001" count="2" />
        <bin index="146" start="0.146" width="0.001" count="2" />
        <bin index="147" start="0.147" width="0.001" count="5" />
        <bin index="148" start="0.148" width="0.001" count="3" />
        <bin index="149" start="0.149" width="0.001" count="3" />
        <bin index="150" start="0.15" width="0.001" count="3" />
        <bin index="151" start="0.151" width="0.001" count="5" />
        <bin index="152" start="0.152" width="0.001" count="3" />
        <bin index="153" start="0.153" width="0.001" count="4" />
        <bin index="154" start="0.154" width="0.001" count="3" />
        <bin index="156" start="0.156" width="0.001" count="3" />
        <bin index="157" start="0.157" width="0.001" count="4" />
        <bin index="158" start="0.158" width="0.001" count="5" />
        <bin index="159" start="0.159" width="0.001" count="8" />
        <bin index="160" start="0.16" width="0.001" count="4" />
        <bin index="161" start="0.161" width="0.001" count="5" />
        <bin index="162" start="0.162" width="0.001" count="5" />
        <bin index="163" start="0.163" width="0.001" count="5" />
        <bin index="164" start="0.164" width="0.001" count="6" />
        <bin index="165" start="0.165" width="0.001" count="5" />
        <bin index="166" start="0.166" width="0.001" count="6" />
        <bin index="167" start="0.167" width="0.001" count="3" />
        <bin index="168" start="0.168" width="0.001" count="3" />
        <bin index="169" start="0.169" width="0.001" count="5" />
        <bin index="170" start="0.17" width="0.001" count="5" />
        <bin index="171" start="0.171" width="0.001" count="4" />
        <bin index="172" start="0.172" width="0.001" count="3" />
        <bin index="173" start="0.173" width="0.001" count="2" />
        <bin index="174" start="0.174" width="0.001" count="2" />
        <bin index="175" start="0.175" width="0.001" count="2" />
        <bin index="176" start="0.176" width="0.001" count="3" />
        <bin index="177" start="0.177" width="0.001" count="3" />
        <bin index="178" start="0.178" width="0.001" count="2" />
        <bin index="179" start="0.179" width="0.001" count="1" />
        <bin index="180" start="0.18" width="0.001" count="1" />
        <bin index="181" start="0.181" width="0.001" count="2" />
        <bin index="182" start="0.182" width="0.001" count="4" />
        <bin index="183" start="0.183" width="0.001" count="2" />
        <bin index="184" start="0.184" width="0.001" count="8" />
        <bin index="185" start="0.185" width="0.001" count="2" />
        <bin index="186" start="0.186" width="0.001" count="4" />
        <bin index="187" start="0.187" width="0.001" count="10" />
        <bin index="188" start="0.188" width="0.001" count="7" />
        <bin index="189" start="0.189" width="0.001" count="9" />
        <bin index="190" start="0.19" width="0.001" count="5" />
        <bin index="191" start="0.191" width="0.001" count="8" />
        <bin index="192" start="0.192" width="0.001" count="9" />
        <bin index="193" start="0.193" width="0.001" count="14" />
        <bin index="194" start="0.194" width="0.001" count="17" />
        <bin index="195" start="0.195" width="0.001" count="9" />
        <bin index="196" start="0.196" width="0.001" count="11" />
        <bin index="197" start="0.197" width="0.001" count="6" />
        <bin index="198" start="0.198" width="0.001" count="7" />
        <bin index="199" start="0.199" width="0.001" count="11" />
        <bin index="200" start="0.2" width="0.001" count="13" />
        <bin index="201" start="0.201" width="0.001" count="25" />
        <bin index="202" start="0.202" width="0.001" count="30" />
        <bin index="203" start="0.203" width="0.001" count="20" />
        <bin index="204" start="0.204" width="0.001" count="19" />
        <bin index="205" start="0.205" width="0.001" count="15" />
        <bin index="206" start="0.206" width="0.001" count="32" />
        <bin index="207" start="0.207" width="0.001" count="26" />
        <bin index="208" start="0.208" width="0.001" count="33" />
        <bin index="209" start="0.209" width="0.001" count="25" />
        <bin index="210" start="0.21" width="0.001" count="52" />
        <bin index="211" start="0.211" width="0.001" count="75" />
        <bin index="212" start="0.212" width="0.001" count="103" />
        <bin index="213" start="0.213" width="0.001" count="75" />
        <bin index="214" start="0.214" width="0.001" count="77" />
        <bin index="215" start="0.215" width="0.001" count="65" />
        <bin index="216" start="0.216" width="0.001" count="86" />
        <bin index="217" start="0.217" width="0.001" count="85" />
        <bin index="218" start="0.218" width="0.001" count="79" />
        <bin index="219" start="0.219" width="0.001" count="92" />
        <bin index="220" start="0.22" width="0.001" count="113" />
        <bin index="221" start="0.221" width="0.001" count="236" />
        <bin index="222" start="0.222" width="0.001" count="324" />
        <bin index="223" start="0.223" width="0.001" count="304" />
        <bin index="224" start="0.224" width="0.001" count="197" />
        <bin index="225" start="0.225" width="0.001" count="181" />
        <bin index="226" start="0.226" width="0.001" count="206" />
        <bin index="227" start="0.227" width="0.001" count="162" />
        <bin index="228" start="0.228" width="0.001" count="111" />
        <bin index="229" start="0.229" width="0.001" count="123" />
        <bin index="230" start="0.23" width="0.001" count="129" />
        <bin index="231" start="0.231" width="0.001" count="286" />
        <bin index="232" start="0.232" width="0.001" count="388" />
        <bin index="233" start="0.233" width="0.001" count="354" />
        <bin index="234" start="0.234" width="0.001" count="252" />
        <bin index="235" start="0.235" width="0.001" count="205" />
        <bin index="236" start="0.236" width="0.001" count="261" />
        <bin index="237" start="0.237" width="0.001" count="157" />
        <bin index="238" start="0.238" width="0.001" count="75" />
        <bin index="239" start="0.239" width="0.001" count="95" />
        <bin index="240" start="0.24" width="0.001" count="102" />
        <bin index="241" start="0.241" width="0.001" count="149" />
        <bin index="242" start="0.242" width="0.001" count="211" />
        <bin index="243" start="0.243" width="0.001" count="220" />
        <bin index="244" start="0.244" width="0.001" count="160" />
        <bin index="245" start="0.245" width="0.001" count="132" />
        <bin index="246" start="0.246" width="0.001" count="148" />
        <bin index="247" start="0.247" width="0.001" count="77" />
        <bin index="248" start="0.248" width="0.001" count="47" />
        <bin index="249" start="0.249" width="0.001" count="66" />
        <bin index="250" start="0.25" width="0.001" count="65" />
        <bin index="251" start="0.251" width="0.001" count="129" />
        <bin index="252" start="0.252" width="0.001" count="197" />
        <bin index="253" start="0.253" width="0.001" count="175" />
        <bin index="254" start="0.254" width="0.001" count="108" />
        <bin index="255" start="0.255" width="0.001" count="100" />
        <bin index="256" start="0.256" width="0.001" count="131" />
        <bin index="257" start="0.257" width="0.001" count="78" />
        <bin index="258" start="0.258" width="0.001" count="36" />
        <bin index="259" start="0.259" width="0.001" count="25" />
        <bin index="260" start="0.26" width="0.001" count="19" />
        <bin index="261" start="0.261" width="0.001" count="22" />
        <bin index="262" start="0.262" width="0.001" count="26" />
        <bin index="263" start="0.263" width="0.001" count="34" />
        <bin index="264" start="0.264" width="0.001" count="19" />
        <bin index="265" start="0.265" width="0.001" count="13" />
        <bin index="266" start="0.266" width="0.001" count="13" />
        <bin index="267" start="0.267" width="0.001" count="3" />
        <bin index="269" start="0.269" width="0.001" count="2" />
        <bin index="270" start="0.27" width="0.001" count="10" />
        <bin index="271" start="0.271" width="0.001" count="20" />
        <bin index="272" start="0.272" width="0.001" count="17" />
        <bin index="273" start="0.273" width="0.001" count="13" />
        <bin index="274" start="0.274" width="0.001" count="6" />
        <bin index="275" start="0.275" width="0.001" count="5" />
        <bin index="276" start="0.276" width="0.001" count="6" />
        <bin index="277" start="0.277" width="0.001" count="1" />
      </delayHistogram>
      <jitterHistogram nBins="99" >
        <bin index="0" start="0" width="0.001" count="7469" />
        <bin index="1" start="0.001" width="0.001" count="520" />
        <bin index="2" start="0.002" width="0.001" count="46" />
        <bin index="3" start="0.003" width="0.001" count="15" />
        <bin index="4" start="0.004" width="0.001" count="16" />
        <bin index="5" start="0.005" width="0.001" count="175" />
        <bin index="6" start="0.006" width="0.001" count="66" />
        <bin index="7" start="0.007" width="0.001" count="8" />
        <bin index="8" start="0.008" width="0.001" count="26" />
        <bin index="9" start="0.009" width="0.001" count="5" />
        <bin index="11" start="0.011" width="0.001" count="5" />
        <bin index="12" start="0.012" width="0.001" count="3" />
        <bin index="13" start="0.013" width="0.001" count="5" />
        <bin index="14" start="0.014" width="0.001" count="1" />
        <bin index="15" start="0.015" width="0.001" count="32" />
        <bin index="16" start="0.016" width="0.001" count="34" />
        <bin index="17" start="0.017" width="0.001" count="3" />
        <bin index="18" start="0.018" width="0.001" count="3" />
        <bin index="20" start="0.02" width="0.001" count="14" />
        <bin index="21" start="0.021" width="0.001" count="27" />
        <bin index="22" start="0.022" width="0.001" count="7" />
        <bin index="23" start="0.023" width="0.001" count="2" />
        <bin index="24" start="0.024" width="0.001" count="1" />
        <bin index="25" start="0.025" width="0.001" count="6" />
        <bin index="26" start="0.026" width="0.001" count="10" />
        <bin index="27" start="0.027" width="0.001" count="1" />
        <bin index="31" start="0.031" width="0.001" count="1" />
        <bin index="32" start="0.032" width="0.001" count="2" />
        <bin index="35" start="0.035" width="0.001" count="2" />
        <bin index="36" start="0.036" width="0.001" count="5" />
        <bin index="40" start="0.04" width="0.001" count="1" />
        <bin index="41" start="0.041" width="0.001" count="1" />
        <bin index="45" start="0.045" width="0.001" count="3" />
        <bin index="46" start="0.046" width="0.001" count="3" />
        <bin index="47" start="0.047" width="0.001" count="1" />
        <bin index="51" start="0.051" width="0.001" count="1" />
        <bin index="58" start="0.058" width="0.001" count="1" />
        <bin index="98" start="0.098" width="0.001" count="1" />
      </jitterHistogram>
      <packetSizeHistogram nBins="30" >
        <bin index="2" start="40" width="20" count="4" />
        <bin index="19" start="380" width="20" count="1" />
        <bin index="25" start="500" width="20" count="1" />
        <bin index="27" start="540" width="20" count="3902" />
        <bin index="29" start="580" width="20" count="4615" />
      </packetSizeHistogram>
      <flowInterruptionsHistogram nBins="0" >
      </flowInterruptionsHistogram>
    </Flow>
    <Flow flowId="2" timeFirstTxPacket="+2009436112.0ns" timeFirstRxPacket="+2016057160.0ns" timeLastTxPacket="+10245900448.0ns" timeLastRxPacket="+10247203463.0ns" delaySum="+36789413444.0ns" jitterSum="+11326739247.0ns" lastDelay="+1303015.0ns" txBytes="221680" rxBytes="221680" txPackets="4263" rxPackets="4263" lostPackets="0" timesForwarded="0">
      <delayHistogram nBins="101" >
        <bin index="0" start="0" width="0.001" count="395" />
        <bin index="1" start="0.001" width="0.001" count="279" />
        <bin index="2" start="0.002" width="0.001" count="449" />
        <bin index="3" start="0.003" width="0.001" count="485" />
        <bin index="4" start="0.004" width="0.001" count="118" />
        <bin index="5" start="0.005" width="0.001" count="426" />
        <bin index="6" start="0.006" width="0.001" count="483" />
        <bin index="7" start="0.007" width="0.001" count="112" />
        <bin index="8" start="0.008" width="0.001" count="425" />
        <bin index="9" start="0.009" width="0.001" count="79" />
        <bin index="10" start="0.01" width="0.001" count="69" />
        <bin index="11" start="0.011" width="0.001" count="65" />
        <bin index="12" start="0.012" width="0.001" count="96" />
        <bin index="13" start="0.013" width="0.001" count="85" />
        <bin index="14" start="0.014" width="0.001" count="37" />
        <bin index="15" start="0.015" width="0.001" count="79" />
        <bin index="16" start="0.016" width="0.001" count="82" />
        <bin index="17" start="0.017" width="0.001" count="35" />
        <bin index="18" start="0.018" width="0.001" count="80" />
        <bin index="19" start="0.019" width="0.001" count="23" />
        <bin index="20" start="0.02" width="0.001" count="15" />
        <bin index="21" start="0.021" width="0.001" count="14" />
        <bin index="22" start="0.022" width="0.001" count="27" />
        <bin index="23" start="0.023" width="0.001" count="24" />
        <bin index="24" start="0.024" width="0.001" count="17" />
        <bin index="25" start="0.025" width="0.001" count="33" />
        <bin index="26" start="0.026" width="0.001" count="19" />
        <bin index="27" start="0.027" width="0.001" count="15" />
        <bin index="28" start="0.028" width="0.001" count="26" />
        <bin index="29" start="0.029" width="0.001" count="5" />
        <bin index="30" start="0.03" width="0.001" count="9" />
        <bin index="31" start="0.031" width="0.001" count="10" />
        <bin index="32" start="0.032" width="0.001" count="9" />
        <bin index="33" start="0.033" width="0.001" count="11" />
        <bin index="34" start="0.034" width="0.001" count="4" />
        <bin index="35" start="0.035" width="0.001" count="8" />
        <bin index="36" start="0.036" width="0.001" count="10" />
        <bin index="37" start="0.037" width="0.001" count="4" />
        <bin index="38" start="0.038" width="0.001" count="8" />
        <bin index="39" start="0.039" width="0.001" count="4" />
        <bin index="40" start="0.04" width="0.001" count="5" />
        <bin index="41" start="0.041" width="0.001" count="4" />
        <bin index="42" start="0.042" width="0.001" count="8" />
        <bin index="43" start="0.043" width="0.001" count="7" />
        <bin index="44" start="0.044" width="0.001" count="3" />
        <bin index="45" start="0.045" width="0.001" count="8" />
        <bin index="46" start="0.046" width="0.001" count="7" />
        <bin index="47" start="0.047" width="0.001" count="2" />
        <bin index="48" start="0.048" width="0.001" count="7" />
        <bin index="49" start="0.049" width="0.001" count="2" />
        <bin index="50" start="0.05" width="0.001" count="1" />
        <bin index="52" start="0.052" width="0.001" count="1" />
        <bin index="53" start="0.053" width="0.001" count="2" />
        <bin index="54" start="0.054" width="0.001" count="1" />
        <bin index="55" start="0.055" width="0.001" count="8" />
        <bin index="56" start="0.056" width="0.001" count="3" />
        <bin index="57" start="0.057" width="0.001" count="1" />
        <bin index="58" start="0.058" width="0.001" count="2" />
        <bin index="59" start="0.059" width="0.001" count="2" />
        <bin index="60" start="0.06" width="0.001" count="2" />
        <bin index="62" start="0.062" width="0.001" count="1" />
        <bin index="84" start="0.084" width="0.001" count="1" />
        <bin index="85" start="0.085" width="0.001" count="1" />
        <bin index="87" start="0.087" width="0.001" count="1" />
        <bin index="88" start="0.088" width="0.001" count="1" />
        <bin index="90" start="0.09" width="0.001" count="1" />
        <bin index="91" start="0.091" width="0.001" count="1" />
        <bin index="93" start="0.093" width="0.001" count="1" />
        <bin index="94" start="0.094" width="0.001" count="1" />
        <bin index="96" start="0.096" width="0.001" count="1" />
        <bin index="97" start="0.097" width="0.001" count="1" />
        <bin index="99" start="0.099" width="0.001" count="1" />
        <bin index="100" start="0.1" width="0.001" count="1" />
      </delayHistogram>
      <jitterHistogram nBins="100" >
        <bin index="0" start="0" width="0.001" count="292" />
        <bin index="1" start="0.001" width="0.001" count="3407" />
        <bin index="2" start="0.002" width="0.001" count="17" />
        <bin index="3" start="0.003" width="0.001" count="4" />
        <bin index="4" start="0.004" width="0.001" count="7" />
        <bin index="5" start="0.005" width="0.001" count="22" />
        <bin index="6" start="0.006" width="0.001" count="86" />
        <bin index="7" start="0.007" width="0.001" count="286" />
        <bin index="12" start="0.012" width="0.001" count="6" />
        <bin index="13" start="0.013" width="0.001" count="3" />
        <bin index="14" start="0.014" width="0.001" count="2" />
        <bin index="15" start="0.015" width="0.001" count="5" />
        <bin index="16" start="0.016" width="0.001" count="7" />
        <bin index="17" start="0.017" width="0.001" count="61" />
        <bin index="20" start="0.02" width="0.001" count="1" />
        <bin index="21" start="0.021" width="0.001" count="13" />
        <bin index="22" start="0.022" width="0.001" count="1" />
        <bin index="25" start="0.025" width="0.001" count="1" />
        <bin index="26" start="0.026" width="0.001" count="6" />
        <bin index="27" start="0.027" width="0.001" count="17" />
        <bin index="37" start="0.037" width="0.001" count="7" />
        <bin index="44" start="0.044" width="0.001" count="1" />
        <bin index="46" start="0.046" width="0.001" count="1" />
        <bin index="47" start="0.047" width="0.001" count="5" />
        <bin index="48" start="0.048" width="0.001" count="1" />
        <bin index="56" start="0.056" width="0.001" count="1" />
        <bin index="59" start="0.059" width="0.001" count="1" />
        <bin index="99" start="0.099" width="0.001" count="1" />
      </jitterHistogram>
      <packetSizeHistogram nBins="3" >
        <bin index="2" start="40" width="20" count="4263" />
      </packetSizeHistogram>
      <flowInterruptionsHistogram nBins="0" >
      </flowInterruptionsHistogram>
    </Flow>
  </FlowStats>
  <Ipv4FlowClassifier>
    <Flow flowId="1" sourceAddress="10.1.1.1" destinationAddress="10.1.1.2" protocol="6" sourcePort="49153" destinationPort="50000" />
    <Flow flowId="2" sourceAddress="10.1.1.2" destinationAddress="10.1.1.1" protocol="6" sourcePort="50000" destinationPort="49153" />
  </Ipv4FlowClassifier>
  <Ipv6FlowClassifier>
  </Ipv6FlowClassifier>
  <FlowProbes>
    <FlowProbe index="0">
      <FlowStats  flowId="1" packets="8523" bytes="4821824" delayFromFirstProbeSum="+0.0ns" >
      </FlowStats>
      <FlowStats  flowId="2" packets="4263" bytes="221680" delayFromFirstProbeSum="+36789413444.0ns" >
      </FlowStats>
    </FlowProbe>
    <FlowProbe index="1">
    </FlowProbe>
    <FlowProbe index="2">
      <FlowStats  flowId="1" packets="8523" bytes="4821824" delayFromFirstProbeSum="+1903306099395.0ns" >
      </FlowStats>
      <FlowStats  flowId="2" packets="4263" bytes="221680" delayFromFirstProbeSum="+0.0ns" >
      </FlowStats>
    </FlowProbe>
    <FlowProbe index="3">
    </FlowProbe>
  </FlowProbes>
</FlowMonitor>
